,chromosome,gene_add,start_add,end_add,strand_add,biotype_add,gene_remove,start_remove,end_remove,strand_remove,biotype_remove,overlap,overlap_percentage_add,overlap_percentage_remove,ID_remove,ID_add,overlapping_in_MANE,gene_add_protein_length,gene_remove_protein_length,gene_remove_in_MANE,action
0,chr1,NHSL3,32601643,32634754,+,protein_coding,KIAA1522,32601643,32634754,+,protein_coding,33112,1.0,1.0,KIAA1522,NHSL3,False,1094,1094,False,RENAME KIAA1522 to NHSL3
1,chr1,CFAP144,43018394,43026887,+,protein_coding,FAM183A,43013445,43026887,+,protein_coding,8494,1.0,0.6318530090009671,FAM183A,CFAP144,False,134,150,False,RENAME FAM183A to CFAP144
2,chr1,CIMAP2,54686281,54722525,+,protein_coding,LEXM,54686281,54722525,+,protein_coding,36245,1.0,1.0,LEXM,CIMAP2,False,418,435,False,RENAME LEXM to CIMAP2
3,chr1,EEIG2,108593088,108672314,+,protein_coding,FAM102B,108593088,108672314,+,protein_coding,79227,1.0,1.0,FAM102B,EEIG2,False,360,360,False,RENAME FAM102B to EEIG2
4,chr1,CIMAP3,111361308,111367696,+,protein_coding,PIFO,111339352,111367700,+,protein_coding,6389,1.0,0.2253695015697202,PIFO,CIMAP3,False,191,241,False,RENAME PIFO to CIMAP3
5,chr1,KPLCE,151856064,151857012,+,protein_coding,C1orf68,151856064,151857012,+,protein_coding,949,1.0,1.0,C1orf68,KPLCE,False,250,250,False,RENAME C1orf68 to KPLCE
6,chr1,FIRRM,169150819,169209809,+,protein_coding,C1orf112,169139615,169209809,+,protein_coding,58991,1.0,0.8403874919866088,C1orf112,FIRRM,False,853,911,False,RENAME C1orf112 to FIRRM
7,chr1,H2BC26,227646615,227647070,+,protein_coding,H2BU1,227646615,227647070,+,protein_coding,456,1.0,1.0,H2BU1,H2BC26,False,126,126,False,RENAME H2BU1 to H2BC26
8,chr1,SPMIP3,243768961,243806036,+,protein_coding,C1orf100,243768961,243806036,+,protein_coding,37076,1.0,1.0,C1orf100,SPMIP3,False,147,169,False,RENAME C1orf100 to SPMIP3
9,chr1,OR14L1,247053967,247059214,+,protein_coding,OR14L1P,247053967,247059214,+,protein_coding,5248,1.0,1.0,OR14L1P,OR14L1,False,325,325,False,RENAME OR14L1P to OR14L1
10,chr1,AIRIM,37546290,37555256,-,protein_coding,C1orf109,37546290,37556969,-,protein_coding,8967,1.0,0.8396067415730337,C1orf109,AIRIM,False,203,281,False,RENAME C1orf109 to AIRIM
11,chr1,IFT25,53804471,53828607,-,protein_coding,HSPB11,53794486,53829213,-,protein_coding,24137,1.0,0.6950299470168164,HSPB11,IFT25,False,144,214,False,RENAME HSPB11 to IFT25
12,chr1,GBA1,154373009,154379807,-,protein_coding,GBA,154373009,154383185,-,protein_coding,6799,1.0,0.6680750712390685,GBA,GBA1,False,536,536,False,RENAME GBA to GBA1
13,chr1,ENTREP3,154385763,154394041,-,protein_coding,FAM189B,154385763,154394041,-,protein_coding,8279,1.0,1.0,FAM189B,ENTREP3,False,668,669,False,RENAME FAM189B to ENTREP3
14,chr1,H2AC25,227645876,227646385,-,protein_coding,H2AW,227645876,227646385,-,protein_coding,510,1.0,1.0,H2AW,H2AC25,False,130,130,False,RENAME H2AW to H2AC25
15,chr2,CIMIP5,11165528,11183718,+,protein_coding,C2orf50,11165528,11186977,+,protein_coding,18191,1.0,0.848065268065268,C2orf50,CIMIP5,False,162,162,False,RENAME C2orf50 to CIMIP5
16,chr2,CIMIP2C,26601745,26618672,+,protein_coding,FAM166C,26601745,26618672,+,protein_coding,16928,1.0,1.0,FAM166C,CIMIP2C,False,201,235,False,RENAME FAM166C to CIMIP2C
17,chr2,SPATA31H1,27579747,27625808,+,protein_coding,C2orf16,27579747,27625808,+,protein_coding,46062,1.0,1.0,C2orf16,SPATA31H1,False,5388,5388,False,RENAME C2orf16 to SPATA31H1
18,chr2,CIMIP6,54327057,54355776,+,protein_coding,C2orf73,54327057,54378389,+,protein_coding,28720,1.0,0.5594841524944967,C2orf73,CIMIP6,False,287,345,False,RENAME C2orf73 to CIMIP6
19,chr2,SPMIP9,88536655,88541591,+,protein_coding,TEX37,88536655,88541591,+,protein_coding,4937,1.0,1.0,TEX37,SPMIP9,False,180,180,False,RENAME TEX37 to SPMIP9
20,chr2,ZNG1B,113862219,113920733,+,protein_coding,CBWD2,113862219,113920733,+,protein_coding,58515,1.0,1.0,CBWD2,ZNG1B,False,395,395,False,RENAME CBWD2 to ZNG1B
21,chr2,IFT70B,178031273,178035071,-,protein_coding,TTC30B,178031273,178035071,-,protein_coding,3799,1.0,1.0,TTC30B,IFT70B,False,665,665,False,RENAME TTC30B to IFT70B
22,chr2,IFT70A,178095311,178101054,-,protein_coding,TTC30A,178095311,178101054,-,protein_coding,5744,1.0,1.0,TTC30A,IFT70A,False,665,665,False,RENAME TTC30A to IFT70A
23,chr2,HYCC2,201457164,201555113,-,protein_coding,FAM126B,201457164,201555113,-,protein_coding,97950,1.0,1.0,FAM126B,HYCC2,False,586,586,False,RENAME FAM126B to HYCC2
24,chr2,MSL3B,234353465,234357190,-,protein_coding,MSL3P1,234354240,234357213,-,transcribed_pseudogene,2951,0.7920021470746108,0.99226630800269,MSL3P1,MSL3B,False,356,0,False,RENAME MSL3P1 to MSL3B
25,chr3,CRIPTO,46593877,46598545,+,protein_coding,TDGF1,46590623,46598545,+,protein_coding,4669,1.0,0.5892969834658589,TDGF1,CRIPTO,False,188,188,False,RENAME TDGF1 to CRIPTO
26,chr3,UQCC5,52569505,52574786,+,protein_coding,SMIM4,52569505,52574786,+,protein_coding,5282,1.0,1.0,SMIM4,UQCC5,False,70,70,False,RENAME SMIM4 to UQCC5
27,chr3,CEP15,62362532,62379727,+,protein_coding,C3orf14,62362532,62379727,+,protein_coding,17196,1.0,1.0,C3orf14,CEP15,False,128,128,False,RENAME C3orf14 to CEP15
28,chr3,CSNK2A2IP,88414407,88543775,+,protein_coding,CSNKA2IP,88414407,88543775,+,protein_coding,129369,1.0,1.0,CSNKA2IP,CSNK2A2IP,False,734,719,False,RENAME CSNKA2IP to CSNK2A2IP
29,chr3,PRR23E,129925627,129930684,+,protein_coding,C3orf56,129925627,129930684,+,protein_coding,5058,1.0,1.0,C3orf56,PRR23E,False,242,242,False,RENAME C3orf56 to PRR23E
30,chr3,CIMIP7,49205702,49219926,-,protein_coding,C3orf84,49205702,49219926,-,protein_coding,14225,1.0,1.0,C3orf84,CIMIP7,False,204,205,False,RENAME C3orf84 to CIMIP7
31,chr4,NICOL1,2040482,2042451,+,protein_coding,C4orf48,2035065,2042451,+,protein_coding,1970,1.0,0.2666847163936645,C4orf48,NICOL1,False,95,151,False,RENAME C4orf48 to NICOL1
32,chr4,SPMAP2L,60018614,60091522,+,protein_coding,THEGL,60018614,60114234,+,protein_coding,72909,1.0,0.762478953367984,THEGL,SPMAP2L,False,465,486,False,RENAME THEGL to SPMAP2L
33,chr4,BLTP1,125456397,125666898,+,protein_coding,KIAA1109,125456397,125666898,+,protein_coding,210502,1.0,1.0,KIAA1109,BLTP1,False,5093,5093,False,RENAME KIAA1109 to BLTP1
34,chr4,AFG2A,126227197,126623517,+,protein_coding,SPATA5,126227197,126623517,+,protein_coding,396321,1.0,1.0,SPATA5,AFG2A,False,893,917,False,RENAME SPATA5 to AFG2A
35,chr4,CFAP96,188769596,188793104,+,protein_coding,C4orf47,188751767,188793104,+,protein_coding,23509,1.0,0.568701920750883,C4orf47,CFAP96,False,309,309,False,RENAME C4orf47 to CFAP96
36,chr4,CFAP184,7012684,7014836,-,protein_coding,CCDC96,7012684,7014836,-,protein_coding,2153,1.0,1.0,CCDC96,CFAP184,False,555,555,False,RENAME CCDC96 to CFAP184
37,chr4,SPMIP2,162243906,162386000,-,protein_coding,C4orf45,162243906,162433698,-,protein_coding,142095,1.0,0.7486840926693819,C4orf45,SPMIP2,False,186,186,False,RENAME C4orf45 to SPMIP2
38,chr4,GK3,168623800,168625697,-,protein_coding,GK3P,168623800,168625697,-,protein_coding,1898,1.0,1.0,GK3P,GK3,False,553,553,False,RENAME GK3P to GK3
39,chr5,KGD4,70040372,70055914,+,protein_coding,MRPS36,70040372,70055914,+,protein_coding,15543,1.0,1.0,MRPS36,KGD4,False,103,103,False,RENAME MRPS36 to KGD4
40,chr5,SPMIP10,127148570,127153149,+,protein_coding,TEX43,127148570,127153149,+,protein_coding,4580,1.0,1.0,TEX43,SPMIP10,False,134,134,False,RENAME TEX43 to SPMIP10
41,chr5,CFAP90,7769514,7790256,-,protein_coding,C5orf49,7769514,7790256,-,protein_coding,20743,1.0,1.0,C5orf49,CFAP90,False,147,147,False,RENAME C5orf49 to CFAP90
42,chr5,ARB2A,94101790,94595720,-,protein_coding,FAM172A,94101790,94595756,-,protein_coding,493931,1.0,0.9999271206376136,FAM172A,ARB2A,False,416,416,False,RENAME FAM172A to ARB2A
43,chr5,SKIC3,95964834,96055916,-,protein_coding,TTC37,95964834,96055916,-,protein_coding,91083,1.0,1.0,TTC37,SKIC3,False,1564,1564,False,RENAME TTC37 to SKIC3
44,chr5,FAM200C,160921640,160928543,-,protein_coding,ZBED8,160921640,160928543,-,protein_coding,6904,1.0,1.0,ZBED8,FAM200C,False,594,594,False,RENAME ZBED8 to FAM200C
45,chr6,PRP4K,3890936,3934285,+,protein_coding,PRPF4B,3890936,3934285,+,protein_coding,43350,1.0,1.0,PRPF4B,PRP4K,False,1007,1007,False,RENAME PRPF4B to PRP4K
46,chr6,SKIC2,31812380,31822956,+,protein_coding,SKIV2L,31812380,31822956,+,protein_coding,10577,1.0,1.0,SKIV2L,SKIC2,False,1246,1246,False,RENAME SKIV2L to SKIC2
47,chr6,BLTP3A,34614874,34700320,+,protein_coding,UHRF1BP1,34614874,34700320,+,protein_coding,85447,1.0,1.0,UHRF1BP1,BLTP3A,False,1440,1440,False,RENAME UHRF1BP1 to BLTP3A
48,chr6,CIMIP3,41983624,41991617,+,protein_coding,GUCA1ANB,41983624,41991617,+,protein_coding,7994,1.0,1.0,GUCA1ANB,CIMIP3,False,112,127,False,RENAME GUCA1ANB to CIMIP3
49,chr6,SCAND3,28441914,28458672,-,protein_coding,ZBED9,28441914,28487574,-,protein_coding,16759,1.0,0.3670309454457852,ZBED9,SCAND3,False,1325,1325,False,RENAME ZBED9 to SCAND3
50,chr6,MTCL3,128661901,128708261,-,protein_coding,SOGA3,128661901,128708261,-,protein_coding,46361,1.0,1.0,SOGA3,MTCL3,False,947,947,False,RENAME SOGA3 to MTCL3
51,chr7,SPMIP7,50257048,50320459,+,protein_coding,SPATA48,50257048,50320459,+,protein_coding,63412,1.0,1.0,SPATA48,SPMIP7,False,438,438,False,RENAME SPATA48 to SPMIP7
52,chr7,SSU72L6,125793835,125795182,+,protein_coding,SSU72P8,125793889,125794473,+,pseudogene,585,0.4339762611275964,1.0,SSU72P8,SSU72L6,False,194,0,False,RENAME SSU72P8 to SSU72L6
53,chr7,SPMIP1,130179257,130184974,+,protein_coding,ATP6V1FNB,130179257,130184974,+,protein_coding,5718,1.0,1.0,ATP6V1FNB,SPMIP1,False,176,176,False,RENAME ATP6V1FNB to SPMIP1
54,chr7,IFT56,140447060,140505276,+,protein_coding,TTC26,140447060,140505276,+,protein_coding,58217,1.0,1.0,TTC26,IFT56,False,554,554,False,RENAME TTC26 to IFT56
55,chr7,SMIM10L3,6448805,6468359,-,protein_coding,SAGSIN1,6448805,6468359,-,protein_coding,19555,1.0,1.0,SAGSIN1,SMIM10L3,False,68,68,False,RENAME SAGSIN1 to SMIM10L3
63,chr7,HYCC1,23070797,23150674,-,protein_coding,FAM126A,23032434,23150674,-,protein_coding,79878,1.0,0.6755524733383513,FAM126A,HYCC1,False,521,521,False,RENAME FAM126A to HYCC1
64,chr7,SPMIP4,25269958,25315624,-,protein_coding,C7orf31,25261042,25315624,-,protein_coding,45667,1.0,0.8366524375721378,C7orf31,SPMIP4,False,590,590,False,RENAME C7orf31 to SPMIP4
65,chr7,MATCAP2,36465400,36508503,-,protein_coding,KIAA0895,36465400,36531625,-,protein_coding,43104,1.0,0.6508621991362908,KIAA0895,MATCAP2,False,517,555,False,RENAME KIAA0895 to MATCAP2
66,chr7,SAMTOR,114138029,114258806,-,protein_coding,BMT2,114138029,114258806,-,protein_coding,120778,1.0,1.0,BMT2,SAMTOR,False,405,405,False,RENAME BMT2 to SAMTOR
67,chr8,FAM90A13,11746670,11749680,+,protein_coding,FAM90A13P,11745009,11750242,+,pseudogene,3011,1.0,0.5752770347726405,FAM90A13P,FAM90A13_3,False,464,0,False,RENAME FAM90A13P to FAM90A13_3
68,chr8,FAM90A12,11769614,11772624,+,protein_coding,FAM90A12P,11767953,11773186,+,pseudogene,3011,1.0,0.5752770347726405,FAM90A12P_1,FAM90A12_4,False,464,0,False,RENAME FAM90A12P_1 to FAM90A12_4
69,chr8,FAM90A12,11777267,11780277,+,protein_coding,FAM90A12P,11775601,11780839,+,pseudogene,3011,1.0,0.574728001527009,FAM90A12P_5,FAM90A12_2,False,464,0,False,RENAME FAM90A12P_5 to FAM90A12_2
70,chr8,FAM90A12,11838446,11841456,+,protein_coding,FAM90A12P,11836785,11842018,+,pseudogene,3011,1.0,0.5752770347726405,FAM90A12P_2,FAM90A12_5,False,464,0,False,RENAME FAM90A12P_2 to FAM90A12_5
71,chr8,FAM90A12,11861390,11864400,+,protein_coding,FAM90A12P,11859735,11864962,+,pseudogene,3011,1.0,0.5759372609028309,FAM90A12P_4,FAM90A12_3,False,464,0,False,RENAME FAM90A12P_4 to FAM90A12_3
72,chr8,FAM90A12,11876686,11879696,+,protein_coding,FAM90A12P,11875031,11880258,+,pseudogene,3011,1.0,0.5759372609028309,FAM90A12P_3,FAM90A12,False,464,0,False,RENAME FAM90A12P_3 to FAM90A12
73,chr8,FAM90A24,12394307,12397317,+,protein_coding,FAM90A24P,12392647,12397879,+,pseudogene,3011,1.0,0.5753869673227594,FAM90A24P_1,FAM90A24_3,False,464,0,False,RENAME FAM90A24P_1 to FAM90A24_3
74,chr8,FAM90A24,12401953,12404963,+,protein_coding,FAM90A24P,12400293,12405525,+,pseudogene,3011,1.0,0.5753869673227594,FAM90A24P,FAM90A24,False,464,0,False,RENAME FAM90A24P to FAM90A24
75,chr8,FAM90A12,7314524,7317534,-,protein_coding,FAM90A12P,7313962,7319194,-,pseudogene,3011,1.0,0.5753869673227594,FAM90A12P_6,FAM90A12_9,False,464,0,False,RENAME FAM90A12P_6 to FAM90A12_9
76,chr8,ZFTRAF1,145619341,145632631,-,protein_coding,CYHR1,145619341,145632631,-,protein_coding,13291,1.0,1.0,CYHR1,ZFTRAF1,False,404,404,False,RENAME CYHR1 to ZFTRAF1
77,chr9,SPATA31G1,35061419,35065165,+,protein_coding,C9orf131,35060274,35065165,+,protein_coding,3747,1.0,0.7659443990188062,C9orf131,SPATA31G1,False,1079,1079,False,RENAME C9orf131 to SPATA31G1
78,chr9,ZNG1F,42105680,42163687,+,protein_coding,CBWD6,42089304,42163687,+,protein_coding,58008,1.0,0.7798451279845128,CBWD6,ZNG1F,False,395,395,False,RENAME CBWD6 to ZNG1F
79,chr9,ZNG1C,80416505,80473721,+,protein_coding,CBWD3,80406861,80473721,+,protein_coding,57217,1.0,0.85576045826416,CBWD3,ZNG1C_1,False,395,270,False,RENAME CBWD3 to ZNG1C_1
80,chr9,ENTREP1,81491871,81559059,+,protein_coding,FAM189A2,81491223,81559059,+,protein_coding,67189,1.0,0.9904476907882128,FAM189A2,ENTREP1,False,603,603,False,RENAME FAM189A2 to ENTREP1
81,chr9,ZNG1A,114953,173385,-,protein_coding,CBWD1,114953,173385,-,protein_coding,58433,1.0,1.0,CBWD1,ZNG1A,False,395,395,False,RENAME CBWD1 to ZNG1A
82,chr9,BRD10,5924176,6013620,-,protein_coding,KIAA2026,5883999,6013620,-,protein_coding,89445,1.0,0.6900448997855302,KIAA2026,BRD10,False,2103,2103,False,RENAME KIAA2026 to BRD10
83,chr9,RIGI,32471227,32542369,-,protein_coding,DDX58,32471227,32542369,-,protein_coding,71143,1.0,1.0,DDX58,RIGI,False,925,925,False,RENAME DDX58 to RIGI
84,chr9,SPMIP6,34397509,34416300,-,protein_coding,C9orf24,34397509,34416300,-,protein_coding,18792,1.0,1.0,C9orf24,SPMIP6,False,262,299,False,RENAME C9orf24 to SPMIP6
85,chr9,SPATA31F1,34742088,34748523,-,protein_coding,FAM205A,34742088,34748523,-,protein_coding,6436,1.0,1.0,FAM205A,SPATA31F1,False,1335,1335,False,RENAME FAM205A to SPATA31F1
86,chr9,SPATA31F3,34908086,34914785,-,protein_coding,FAM205C,34908086,34914785,-,protein_coding,6700,1.0,1.0,FAM205C,SPATA31F3,False,208,338,False,RENAME FAM205C to SPATA31F3
87,chr9,ATOSB,35123295,35135050,-,protein_coding,FAM214B,35123295,35135568,-,protein_coding,11756,1.0,0.9577969692031938,FAM214B,ATOSB,False,538,538,False,RENAME FAM214B to ATOSB
88,chr9,CIMIP2B,35582504,35584551,-,protein_coding,FAM166B,35582504,35584551,-,protein_coding,2048,1.0,1.0,FAM166B,CIMIP2B,False,275,306,False,RENAME FAM166B to CIMIP2B
89,chr9,ZNG1E,40658096,40716224,-,protein_coding,CBWD5,40658096,40739192,-,protein_coding,58129,1.0,0.7167836048189206,CBWD5,ZNG1E,False,395,395,False,RENAME CBWD5 to ZNG1E
90,chr9,QNG1,96088591,96107022,-,protein_coding,C9orf64,96088591,96107266,-,protein_coding,18432,1.0,0.9869351038766332,C9orf64,QNG1,False,341,341,False,RENAME C9orf64 to QNG1
91,chr9,EEIG1,140148362,140188761,-,protein_coding,FAM102A,140148362,140188761,-,protein_coding,40400,1.0,1.0,FAM102A,EEIG1,False,384,384,False,RENAME FAM102A to EEIG1
92,chr9,CIMIP2A,149481268,149485420,-,protein_coding,FAM166A,149481268,149492791,-,protein_coding,4153,1.0,0.3603783408538701,FAM166A,CIMIP2A,False,317,352,False,RENAME FAM166A to CIMIP2A
93,chr10,GPR15LG,85052266,85063813,+,protein_coding,C10orf99,85052266,85063813,+,protein_coding,11548,1.0,1.0,C10orf99,GPR15LG,False,81,132,False,RENAME C10orf99 to GPR15LG
94,chr10,DUSP13B,75967934,75973009,-,protein_coding,DUSP13,75967932,75982690,-,protein_coding,5076,1.0,0.3439257402263025,DUSP13,DUSP13B,False,334,417,False,RENAME DUSP13 to DUSP13B
95,chr10,SPMIP5,117558016,117564298,-,protein_coding,C10orf82,117556531,117564614,-,protein_coding,6283,1.0,0.7772142503711034,C10orf82,SPMIP5,False,234,317,False,RENAME C10orf82 to SPMIP5
96,chr11,CIMAP1A,237936,241436,+,protein_coding,ODF3,237936,241436,+,protein_coding,3501,1.0,1.0,ODF3,CIMAP1A,False,254,254,False,RENAME ODF3 to CIMAP1A
97,chr11,SSU72L5,4298266,4299336,+,protein_coding,SSU72P5,4298327,4298921,+,pseudogene,595,0.5555555555555556,1.0,SSU72P5,SSU72L5,False,194,0,False,RENAME SSU72P5 to SSU72L5
98,chr11,SSU72L3,4394877,4395951,+,protein_coding,SSU72P3,4394951,4395536,+,pseudogene,586,0.5451162790697675,1.0,SSU72P3,SSU72L3,False,194,0,False,RENAME SSU72P3 to SSU72L3
99,chr11,BMAL1,13370517,13480010,+,protein_coding,ARNTL,13369378,13480010,+,protein_coding,109494,1.0,0.989704699321179,ARNTL,BMAL1,False,626,674,False,RENAME ARNTL to BMAL1
100,chr11,MISFA,18697880,18701975,+,protein_coding,SPTY2D1OS,18697880,18707967,+,protein_coding,4096,1.0,0.4060269627279936,SPTY2D1OS,MISFA,False,59,59,False,RENAME SPTY2D1OS to MISFA
101,chr11,SAXO4,61470007,61479841,+,protein_coding,PPP1R32,61470007,61479841,+,protein_coding,9835,1.0,1.0,PPP1R32,SAXO4,False,425,425,False,RENAME PPP1R32 to SAXO4
102,chr11,TOP6BL,66741018,66839790,+,protein_coding,C11orf80,66740985,66839790,+,protein_coding,98773,1.0,0.9996660121854948,C11orf80,TOP6BL,False,511,677,False,RENAME C11orf80 to TOP6BL
103,chr11,POU2AF3,111308735,111318916,+,protein_coding,COLCA2,111308735,111318916,+,protein_coding,10182,1.0,1.0,COLCA2,POU2AF3,False,251,268,False,RENAME COLCA2 to POU2AF3
104,chr11,CFAP68,111889784,111896218,+,protein_coding,C11orf1,111889784,111896218,+,protein_coding,6435,1.0,1.0,C11orf1,CFAP68,False,150,166,False,RENAME C11orf1 to CFAP68
105,chr11,NHERF4,119205845,119210583,+,protein_coding,PDZD3,119205845,119210583,+,protein_coding,4739,1.0,1.0,PDZD3,NHERF4,False,505,571,False,RENAME PDZD3 to NHERF4
106,chr11,SSU72L2,4306699,4307764,-,protein_coding,SSU72P2,4307114,4307708,-,pseudogene,595,0.5581613508442776,1.0,SSU72P2,SSU72L2,False,194,0,False,RENAME SSU72P2 to SSU72L2
107,chr11,SSU72L4,4352158,4353259,-,protein_coding,SSU72P4,4352573,4353167,-,pseudogene,595,0.5399274047186933,1.0,SSU72P4,SSU72L4,False,194,0,False,RENAME SSU72P4 to SSU72L4
108,chr11,SSU72L1,4403332,4404432,-,protein_coding,SSU72P7,4403747,4404331,-,pseudogene,585,0.5313351498637602,1.0,SSU72P7,SSU72L1,False,194,0,False,RENAME SSU72P7 to SSU72L1
109,chr11,FREY1,46062464,46063201,-,protein_coding,C11orf94,46062464,46063201,-,protein_coding,738,1.0,1.0,C11orf94,FREY1,False,98,98,False,RENAME C11orf94 to FREY1
110,chr11,DRC12,119210624,119216213,-,protein_coding,CCDC153,119210624,119216213,-,protein_coding,5590,1.0,1.0,CCDC153,DRC12,False,210,210,False,RENAME CCDC153 to DRC12
111,chr12,BMAL2,27204471,27296954,+,protein_coding,ARNTL2,27204471,27296954,+,protein_coding,92484,1.0,1.0,ARNTL2,BMAL2,False,636,647,False,RENAME ARNTL2 to BMAL2
112,chr12,REDIC1,39576056,39671757,+,protein_coding,C12orf40,39576056,39858183,+,protein_coding,95702,1.0,0.3392148244768332,C12orf40,REDIC1,False,652,652,False,RENAME C12orf40 to REDIC1
113,chr12,SPMIP11,48689465,48727817,+,protein_coding,TEX49,48689465,48733487,+,protein_coding,38353,1.0,0.8712036889807601,TEX49,SPMIP11,False,131,131,False,RENAME TEX49 to SPMIP11
114,chr12,TMT1A,50888286,50895782,+,protein_coding,METTL7A,50888286,50895782,+,protein_coding,7497,1.0,1.0,METTL7A,TMT1A,False,244,244,False,RENAME METTL7A to TMT1A
115,chr12,TMT1B,55648368,55651240,+,protein_coding,METTL7B,55648368,55651240,+,protein_coding,2873,1.0,1.0,METTL7B,TMT1B,False,244,244,False,RENAME METTL7B to TMT1B
116,chr12,RLIG1,88017414,88032038,+,protein_coding,C12orf29,88017414,88032038,+,protein_coding,14625,1.0,1.0,C12orf29,RLIG1,False,325,325,False,RENAME C12orf29 to RLIG1
117,chr12,ABTB3,107282040,107623123,+,protein_coding,BTBD11,107282040,107623123,+,protein_coding,341084,1.0,1.0,BTBD11,ABTB3,False,1104,1104,False,RENAME BTBD11 to ABTB3
118,chr12,FERRY3,4494524,4545256,-,protein_coding,C12orf4,4494524,4545256,-,protein_coding,50733,1.0,1.0,C12orf4,FERRY3,False,552,552,False,RENAME C12orf4 to FERRY3
119,chr12,H4C16,14648070,14648481,-,protein_coding,H4-16,14648070,14648481,-,protein_coding,412,1.0,1.0,H4-16,H4C16,False,103,103,False,RENAME H4-16 to H4C16
120,chr12,BLTP3B,99998293,100104109,-,protein_coding,UHRF1BP1L,99998293,100104109,-,protein_coding,105817,1.0,1.0,UHRF1BP1L,BLTP3B,False,1464,1464,False,RENAME UHRF1BP1L to BLTP3B
121,chr12,UQCC6,103911904,103918930,-,protein_coding,C12orf73,103911904,103927406,-,protein_coding,7027,1.0,0.4532671095916919,C12orf73,UQCC6,False,71,142,False,RENAME C12orf73 to UQCC6
122,chr14,LYSET,87417256,87420404,+,protein_coding,TMEM251,87416913,87420404,+,protein_coding,3149,1.0,0.9017754868270332,TMEM251,LYSET,False,163,163,False,RENAME TMEM251 to LYSET
123,chr15,MAPDA,41137979,41161894,+,protein_coding,ADAL,41137658,41161894,+,protein_coding,23916,1.0,0.9867557866072534,ADAL,MAPDA,False,355,355,False,RENAME ADAL to MAPDA
124,chr15,AFG2B,43210511,43229587,+,protein_coding,SPATA5L1,43210511,43229587,+,protein_coding,19077,1.0,1.0,SPATA5L1,AFG2B,False,753,753,False,RENAME SPATA5L1 to AFG2B
125,chr15,CIMAP1C,73594750,73598397,+,protein_coding,ODF3L1,73594750,73598397,+,protein_coding,3648,1.0,1.0,ODF3L1,CIMAP1C,False,274,291,False,RENAME ODF3L1 to CIMAP1C
126,chr15,ENTREP2,26897354,27361792,-,protein_coding,FAM189A1,26895232,27466166,-,protein_coding,464439,1.0,0.813470885477331,FAM189A1,ENTREP2,False,539,615,False,RENAME FAM189A1 to ENTREP2
127,chr15,ATOSA,50389635,50487643,-,protein_coding,FAM214A,50389635,50518064,-,protein_coding,98009,1.0,0.7631316670559838,FAM214A,ATOSA,False,1076,1083,False,RENAME FAM214A to ATOSA
128,chr15,SKIC8,76145807,76162185,-,protein_coding,WDR61,76145807,76162185,-,protein_coding,16379,1.0,1.0,WDR61,SKIC8,False,305,305,False,RENAME WDR61 to SKIC8
129,chr16,NHERF2,2046859,2058835,+,protein_coding,SLC9A3R2,2046859,2058835,+,protein_coding,11977,1.0,1.0,SLC9A3R2,NHERF2,False,337,360,False,RENAME SLC9A3R2 to NHERF2
130,chr16,HAPSTR1,9124455,9154443,+,protein_coding,C16orf72,9124455,9154443,+,protein_coding,29989,1.0,1.0,C16orf72,HAPSTR1,False,275,275,False,RENAME C16orf72 to HAPSTR1
131,chr16,SPMIP8,63771815,63783405,+,protein_coding,TEPP,63771815,63783405,+,protein_coding,11591,1.0,1.0,TEPP,SPMIP8,False,216,308,False,RENAME TEPP to SPMIP8
132,chr16,CFAP263,64045534,64079127,+,protein_coding,CCDC113,63992641,64079127,+,protein_coding,33594,1.0,0.3884283187068577,CCDC113,CFAP263,False,377,377,False,RENAME CCDC113 to CFAP263
133,chr16,UQCC4,1434364,1435359,-,protein_coding,C16orf91,1434364,1435359,-,protein_coding,996,1.0,1.0,C16orf91,UQCC4,False,132,132,False,RENAME C16orf91 to UQCC4
134,chr16,MATCAP1,72969893,72978247,-,protein_coding,KIAA0895L,72969893,72978247,-,protein_coding,8355,1.0,1.0,KIAA0895L,MATCAP1,False,471,471,False,RENAME KIAA0895L to MATCAP1
135,chr17,LIAT1,332229,336570,+,protein_coding,C17orf97,332229,336570,+,protein_coding,4342,1.0,1.0,C17orf97,LIAT1,False,423,423,False,RENAME C17orf97 to LIAT1
136,chr17,LASP1NB,39788698,39792463,+,protein_coding,LINC00672,39788252,39792466,+,lncRNA,3766,1.0,0.8934756820877817,LINC00672,LASP1NB,False,25,0,False,RENAME LINC00672 to LASP1NB
137,chr17,CHCT1,61291426,61300355,+,protein_coding,C17orf64,61290151,61300355,+,protein_coding,8930,1.0,0.875061244487996,C17orf64,CHCT1,False,236,279,False,RENAME C17orf64 to CHCT1
138,chr17,MTNAP1,74122159,74138687,+,protein_coding,C17orf80,74122159,74138687,+,protein_coding,16529,1.0,1.0,C17orf80,MTNAP1,False,609,609,False,RENAME C17orf80 to MTNAP1
139,chr17,NHERF1,75640506,75661228,+,protein_coding,SLC9A3R1,75640506,75661228,+,protein_coding,20723,1.0,1.0,SLC9A3R1,NHERF1,False,358,358,False,RENAME SLC9A3R1 to NHERF1
140,chr17,BLTP2,29557170,29587882,-,protein_coding,KIAA0100,29557164,29587883,-,protein_coding,30713,1.0,0.9997721354166668,KIAA0100,BLTP2,False,2235,2235,False,RENAME KIAA0100 to BLTP2
141,chr17,SPMAP1,39698166,39704496,-,protein_coding,C17orf98,39698166,39704496,-,protein_coding,6331,1.0,1.0,C17orf98,SPMAP1,False,154,154,False,RENAME C17orf98 to SPMAP1
142,chr17,IGBP1C,59528282,59559911,-,protein_coding,IGBP1P2,59528282,59559911,-,protein_coding,31630,1.0,1.0,IGBP1P2,IGBP1C,False,340,340,False,RENAME IGBP1P2 to IGBP1C
143,chr17,VCF1,74097093,74122120,-,protein_coding,FAM104A,74097081,74122120,-,protein_coding,25028,1.0,0.9995207667731628,FAM104A,VCF1,False,207,207,False,RENAME FAM104A to VCF1
144,chr18,ARK2N,46364660,46457614,+,protein_coding,C18orf25,46364179,46457614,+,protein_coding,92955,1.0,0.9948520912710304,C18orf25,ARK2N,False,403,403,False,RENAME C18orf25 to ARK2N
145,chr18,ARK2C,46524603,46653701,+,protein_coding,RNF165,46524603,46653701,+,protein_coding,129099,1.0,1.0,RNF165,ARK2C,False,346,346,False,RENAME RNF165 to ARK2C
146,chr19,SAXO5,7498219,7509163,+,protein_coding,TEX45,7498219,7509163,+,protein_coding,10945,1.0,1.0,TEX45,SAXO5,False,505,505,False,RENAME TEX45 to SAXO5
147,chr19,TEKTL1,15135627,15148213,+,protein_coding,CCDC105,15135627,15148213,+,protein_coding,12587,1.0,1.0,CCDC105,TEKTL1,False,499,499,False,RENAME CCDC105 to TEKTL1
148,chr19,RPSA2,23903473,23970913,+,protein_coding,RPSAP58,23898911,24016747,+,protein_coding,67441,1.0,0.5723244821236114,RPSAP58,RPSA2,False,295,295,False,RENAME RPSAP58 to RPSA2
149,chr19,SPMAP2,310606,324885,-,protein_coding,THEG,310606,324885,-,protein_coding,14280,1.0,1.0,THEG,SPMAP2,False,379,411,False,RENAME THEG to SPMAP2
150,chr19,CIMAP1D,414863,426225,-,protein_coding,ODF3L2,414863,444061,-,protein_coding,11363,1.0,0.3891571629165382,ODF3L2,CIMAP1D,False,289,289,False,RENAME ODF3L2 to CIMAP1D
151,chr19,ACTMAP,43561552,43571168,-,protein_coding,C19orf54,43561552,43571168,-,protein_coding,9617,1.0,1.0,C19orf54,ACTMAP,False,351,416,False,RENAME C19orf54 to ACTMAP
152,chr20,CIMIP1,59930302,59940549,+,protein_coding,C20orf85,59930302,59940549,+,protein_coding,10248,1.0,1.0,C20orf85,CIMIP1,False,137,137,False,RENAME C20orf85 to CIMIP1
153,chr20,ADISSP,3784462,3798692,-,protein_coding,C20orf27,3784462,3799327,-,protein_coding,14231,1.0,0.9572850800484328,C20orf27,ADISSP,False,174,199,False,RENAME C20orf27 to ADISSP
154,chr20,MTCL2,38501731,38587835,-,protein_coding,SOGA1,38501731,38587835,-,protein_coding,86105,1.0,1.0,SOGA1,MTCL2,False,1661,1661,False,RENAME SOGA1 to MTCL2
155,chr21,EPCIP,31156897,31179935,-,protein_coding,C21orf62,31156897,31179935,-,protein_coding,23039,1.0,1.0,C21orf62,EPCIP,False,219,219,False,RENAME C21orf62 to EPCIP
156,chr22,CIMIP4,37450704,37467442,-,protein_coding,TEX33,37450704,37467442,-,protein_coding,16739,1.0,1.0,TEX33,CIMIP4,False,280,280,False,RENAME TEX33 to CIMIP4
157,chr22,CIMAP1B,51040987,51043059,-,protein_coding,ODF3B,51040987,51043059,-,protein_coding,2073,1.0,1.0,ODF3B,CIMAP1B,False,253,272,False,RENAME ODF3B to CIMAP1B
158,chrX,GPRASP3,101165692,101198489,+,protein_coding,BHLHB9,101165692,101198489,+,protein_coding,32798,1.0,1.0,BHLHB9,GPRASP3,False,547,547,False,RENAME BHLHB9 to GPRASP3
159,chrX,CRIPTO3,108968800,108970925,+,protein_coding,TDGF1P3,108968800,108970925,+,protein_coding,2126,1.0,1.0,TDGF1P3,CRIPTO3,False,188,188,False,RENAME TDGF1P3 to CRIPTO3
160,chrX,VCF2,54436245,54454327,-,protein_coding,FAM104B,54436245,54454327,-,protein_coding,18083,1.0,1.0,FAM104B,VCF2,False,115,131,False,RENAME FAM104B to VCF2
161,chrX,GNG5B,108794364,108794883,-,protein_coding,GNG5P2,108794364,108794883,-,protein_coding,520,1.0,1.0,GNG5P2,GNG5B,False,68,68,False,RENAME GNG5P2 to GNG5B
162,chr2,ZNF892,95713996,95730314,+,protein_coding,LOC344065,95712830,95770061,+,protein_coding,16319,1.0,0.2851376852110707,LOC344065,ZNF892,False,522,522,False,RENAME LOC344065 to ZNF892
163,chr2,RNF228,222799269,222805278,-,protein_coding,LOC122319436,222799269,222805278,-,protein_coding,6010,1.0,1.0,LOC122319436,RNF228,False,345,345,False,RENAME LOC122319436 to RNF228
164,chr4,MRFAP1L2,6649146,6651114,+,protein_coding,LOC93622,6649146,6651114,+,protein_coding,1969,1.0,1.0,LOC93622,MRFAP1L2,False,119,119,False,RENAME LOC93622 to MRFAP1L2
165,chr4,SCPPPQ1,90789843,90800066,-,protein_coding,LOC105377321,90789843,90798963,-,lncRNA,9121,0.8921165884194053,1.0,LOC105377321,SCPPPQ1,False,79,0,False,RENAME LOC105377321 to SCPPPQ1
166,chr5,ZNF475,122677032,122699514,+,protein_coding,LOC100505841,122677032,122699514,+,protein_coding,22483,1.0,1.0,LOC100505841,ZNF475,False,108,108,False,RENAME LOC100505841 to ZNF475
167,chr6,ZC3H11C,66455264,66460362,+,protein_coding,LOC441155,66455264,66460362,+,protein_coding,5099,1.0,1.0,LOC441155,ZC3H11C,False,805,805,False,RENAME LOC441155 to ZC3H11C
168,chr8,TMEM276,145633585,145635248,-,protein_coding,LOC84773,145633585,145635457,-,protein_coding,1664,1.0,0.8884143085958356,LOC84773,TMEM276,False,192,192,False,RENAME LOC84773 to TMEM276
169,chr10,MSANTD7,14852271,14860964,+,protein_coding,LOC100421372,14852271,14860964,+,protein_coding,8694,1.0,1.0,LOC100421372,MSANTD7,False,361,361,False,RENAME LOC100421372 to MSANTD7
170,chr10,SPADH,123547893,123554537,+,protein_coding,LOC112577516,123547893,123554537,+,protein_coding,6645,1.0,1.0,LOC112577516,SPADH,False,137,137,False,RENAME LOC112577516 to SPADH
171,chr15,GOLGA6L24,26330280,26340490,+,protein_coding,LOC645202,26330280,26340490,+,protein_coding,10211,1.0,1.0,LOC645202,GOLGA6L24,False,826,826,False,RENAME LOC645202 to GOLGA6L24
172,chr15,GOLGA6L26,21060809,21070472,-,protein_coding,LOC102723623,21060809,21070472,-,protein_coding,9664,1.0,1.0,LOC102723623,GOLGA6L26,False,648,673,False,RENAME LOC102723623 to GOLGA6L26
173,chr15,GOLGA6L25,26090606,26100826,-,protein_coding,LOC100132202,26090606,26100826,-,protein_coding,10221,1.0,1.0,LOC100132202,GOLGA6L25,False,826,826,False,RENAME LOC100132202 to GOLGA6L25
174,chr16,CHD9NB,58839219,58850614,-,protein_coding,LOC105371267,58833426,58850614,-,protein_coding,11396,1.0,0.6629821397405318,LOC105371267,CHD9NB,False,52,52,False,RENAME LOC105371267 to CHD9NB
175,chr19,CIST1,18384118,18389460,-,protein_coding,LOC729966,18384034,18389517,-,protein_coding,5343,1.0,0.974288840262582,LOC729966,CIST1,False,234,234,False,RENAME LOC729966 to CIST1
176,chr19,SAXO3,52012741,52015325,-,protein_coding,LOC101059948,52012741,52015325,-,protein_coding,2585,1.0,1.0,LOC101059948,SAXO3,False,334,334,False,RENAME LOC101059948 to SAXO3
177,chr19,SMIM47,53875222,53875654,-,protein_coding,LOC105372440,53875222,53875654,-,protein_coding,433,1.0,1.0,LOC105372440,SMIM47,False,28,28,False,RENAME LOC105372440 to SMIM47
178,chr21,CRYAA,41560102,41563900,+,protein_coding,LOC102724652,41498596,41563900,+,protein_coding,3799,1.0,0.0581731873516576,LOC102724652,CRYAA,False,173,173,False,RENAME LOC102724652 to CRYAA
179,chr21,CBS,41444310,41466951,-,protein_coding,LOC102724560,41444310,41468059,-,protein_coding,22642,1.0,0.9533473684210526,LOC102724560,CBS,False,551,568,False,RENAME LOC102724560 to CBS
180,chr21,SIK1,41769738,41782385,-,protein_coding,LOC102724428,41769738,41782385,-,protein_coding,12648,1.0,1.0,LOC102724428,SIK1,False,783,783,False,RENAME LOC102724428 to SIK1
181,chr22,TMA7B,40431389,40435898,+,protein_coding,LOC112268293,40431389,40435898,+,protein_coding,4510,1.0,1.0,LOC112268293,TMA7B,False,64,64,False,RENAME LOC112268293 to TMA7B
182,chrX,TMSB15C,102403657,102407006,+,protein_coding,LOC122394733,102403657,102407006,+,protein_coding,3350,1.0,1.0,LOC122394733,TMSB15C,False,45,45,False,RENAME LOC122394733 to TMSB15C
183,chrX,CT47C1,117450728,117454500,+,protein_coding,LOC727838,117450728,117454503,+,protein_coding,3773,1.0,0.9992055084745762,LOC727838,CT47C1,False,324,324,False,RENAME LOC727838 to CT47C1
184,chrX,HAPSTR2,138403603,138404836,+,protein_coding,LOC389895,138403603,138404836,+,protein_coding,1234,1.0,1.0,LOC389895,HAPSTR2,False,273,273,False,RENAME LOC389895 to HAPSTR2
