,chromosome,gene_add,start_add,end_add,strand_add,biotype_add,gene_remove,start_remove,end_remove,strand_remove,biotype_remove,ID_remove,ID_add,overlap,overlap_percentage_add,overlap_percentage_remove,synonym,overlapping_in_MANE,gene_add_protein_length,gene_remove_protein_length,gene_remove_in_MANE
0,chr1,PRAMEF13,12544302,12549523,+,protein_coding,PRAMEF28P,12546122,12548888,+,pseudogene,PRAMEF28P,PRAMEF13,2766,0.5297835663665964,1.0,False,False,474,0,False
1,chr1,NHSL3,32601643,32634754,+,protein_coding,KIAA1522,32601643,32634754,+,protein_coding,KIAA1522,NHSL3,33111,1.0,1.0,True,False,1094,1094,False
2,chr1,CFAP144,43018394,43026887,+,protein_coding,FAM183A,43013445,43026887,+,protein_coding,FAM183A,CFAP144,8493,1.0,0.6318256211873233,True,False,134,150,False
3,chr1,CIMAP2,54686281,54722525,+,protein_coding,LEXM,54686281,54722525,+,protein_coding,LEXM,CIMAP2,36244,1.0,1.0,True,False,418,435,False
5,chr1,EEIG2,108593088,108672314,+,protein_coding,FAM102B,108593088,108672314,+,protein_coding,FAM102B,EEIG2,79226,1.0,1.0,True,False,360,360,False
6,chr1,CIMAP3,111361308,111367696,+,protein_coding,PIFO,111339352,111367700,+,protein_coding,PIFO,CIMAP3,6388,1.0,0.2253421758148723,True,False,191,241,False
7,chr1,KPLCE,151856064,151857012,+,protein_coding,C1orf68,151856064,151857012,+,protein_coding,C1orf68,KPLCE,948,1.0,1.0,True,False,250,250,False
8,chr1,FIRRM,169150819,169209809,+,protein_coding,C1orf112,169139615,169209809,+,protein_coding,C1orf112,FIRRM,58990,1.0,0.8403852181098099,True,False,853,911,False
11,chr1,H2BC26,227646615,227647070,+,protein_coding,H2BU1,227646615,227647070,+,protein_coding,H2BU1,H2BC26,455,1.0,1.0,True,False,126,126,False
12,chr1,SPMIP3,243768961,243806036,+,protein_coding,C1orf100,243768961,243806036,+,protein_coding,C1orf100,SPMIP3,37075,1.0,1.0,True,False,147,169,False
13,chr1,OR14L1,247053967,247059214,+,protein_coding,OR14L1P,247053967,247059214,+,protein_coding,OR14L1P,OR14L1,5247,1.0,1.0,True,False,325,325,False
15,chr1,AIRIM,37546290,37555256,-,protein_coding,C1orf109,37546290,37556969,-,protein_coding,C1orf109,AIRIM,8966,1.0,0.839591722071355,True,False,203,281,False
16,chr1,IFT25,53804471,53828607,-,protein_coding,HSPB11,53794486,53829213,-,protein_coding,HSPB11,IFT25,24136,1.0,0.695021165087684,True,False,144,214,False
18,chr1,GBA1,154373009,154379807,-,protein_coding,GBA,154373009,154383185,-,protein_coding,GBA,GBA1,6798,1.0,0.6680424528301887,True,False,536,536,False
19,chr1,ENTREP3,154385763,154394041,-,protein_coding,FAM189B,154385763,154394041,-,protein_coding,FAM189B,ENTREP3,8278,1.0,1.0,True,False,668,669,False
20,chr1,H2AC25,227645876,227646385,-,protein_coding,H2AW,227645876,227646385,-,protein_coding,H2AW,H2AC25,509,1.0,1.0,True,False,130,130,False
21,chr1,C1orf202,244146000,244147314,-,protein_coding,LOC122455338,244146000,244147314,-,protein_coding,LOC122455338,C1orf202,1314,1.0,1.0,False,False,182,182,False
22,chr2,CIMIP5,11165528,11183718,+,protein_coding,C2orf50,11165528,11186977,+,protein_coding,C2orf50,CIMIP5,18190,1.0,0.8480581845307473,True,False,162,162,False
23,chr2,CIMIP2C,26601745,26618672,+,protein_coding,FAM166C,26601745,26618672,+,protein_coding,FAM166C,CIMIP2C,16927,1.0,1.0,True,False,201,235,False
24,chr2,SPATA31H1,27579747,27625808,+,protein_coding,C2orf16,27579747,27625808,+,protein_coding,C2orf16,SPATA31H1,46061,1.0,1.0,True,False,5388,5388,False
25,chr2,CIMIP6,54327057,54355776,+,protein_coding,C2orf73,54327057,54378389,+,protein_coding,C2orf73,CIMIP6,28719,1.0,0.5594755707940466,True,False,287,345,False
26,chr2,SPMIP9,88536655,88541591,+,protein_coding,TEX37,88536655,88541591,+,protein_coding,TEX37,SPMIP9,4936,1.0,1.0,True,False,180,180,False
27,chr2,ZNF892,95713996,95730314,+,protein_coding,LOC344065,95712830,95770061,+,protein_coding,LOC344065,ZNF892,16318,1.0,0.285125194387657,False,False,522,522,False
28,chr2,ZNG1B,113862219,113920733,+,protein_coding,CBWD2,113862219,113920733,+,protein_coding,CBWD2,ZNG1B,58514,1.0,1.0,True,False,395,395,False
29,chr2,RGPD6,110936277,111000128,-,protein_coding,RGPD5,110936277,111033776,-,protein_coding,RGPD5,RGPD6,63851,1.0,0.6548887680899291,False,False,1765,1794,True
30,chr2,IFT70B,178031273,178035071,-,protein_coding,TTC30B,178031273,178035071,-,protein_coding,TTC30B,IFT70B,3798,1.0,1.0,True,False,665,665,False
31,chr2,IFT70A,178095311,178101054,-,protein_coding,TTC30A,178095311,178101054,-,protein_coding,TTC30A,IFT70A,5743,1.0,1.0,True,False,665,665,False
32,chr2,HYCC2,201457164,201555113,-,protein_coding,FAM126B,201457164,201555113,-,protein_coding,FAM126B,HYCC2,97949,1.0,1.0,True,False,586,586,False
33,chr2,RNF228,222799269,222805278,-,protein_coding,LOC122319436,222799269,222805278,-,protein_coding,LOC122319436,RNF228,6009,1.0,1.0,False,False,345,345,False
34,chr2,MSL3B,234353465,234357190,-,protein_coding,MSL3P1,234354240,234357213,-,transcribed_pseudogene,MSL3P1,MSL3B,2950,0.7919463087248322,0.9922637066935756,True,False,356,0,False
35,chr3,CRIPTO,46593877,46598545,+,protein_coding,TDGF1,46590623,46598545,+,protein_coding,TDGF1,CRIPTO,4668,1.0,0.5892451401161323,True,False,188,188,False
36,chr3,UQCC5,52569505,52574786,+,protein_coding,LOC124909379,52567715,52619364,+,lncRNA,LOC124909379,UQCC5,5281,1.0,0.1022478653991364,False,False,70,0,False
37,chr3,UQCC5,52569505,52574786,+,protein_coding,SMIM4,52569505,52574786,+,protein_coding,SMIM4,UQCC5,5281,1.0,1.0,True,False,70,70,False
38,chr3,CEP15,62362532,62379727,+,protein_coding,C3orf14,62362532,62379727,+,protein_coding,C3orf14,CEP15,17195,1.0,1.0,True,False,128,128,False
39,chr3,CSNK2A2IP,88414407,88543775,+,protein_coding,CSNKA2IP,88414407,88543775,+,protein_coding,CSNKA2IP,CSNK2A2IP,129368,1.0,1.0,True,False,734,719,False
40,chr3,PRR23E,129925627,129930684,+,protein_coding,C3orf56,129925627,129930684,+,protein_coding,C3orf56,PRR23E,5057,1.0,1.0,True,False,242,242,False
41,chr3,OR4F21,200993995,200994932,+,protein_coding,OR4F8BP,200993423,200995431,+,pseudogene,OR4F8BP,OR4F21_3,937,1.0,0.4666334661354581,False,False,312,0,False
42,chr3,CIMIP7,49205702,49219926,-,protein_coding,C3orf84,49205702,49219926,-,protein_coding,C3orf84,CIMIP7,14224,1.0,1.0,True,False,204,205,False
43,chr3,LOC128031834,88133980,88134057,-,protein_coding,CGGBP1,88127798,88225703,-,protein_coding,CGGBP1,LOC128031834,77,1.0,0.0007864766865839,False,True,25,302,True
44,chr3,MUC20,198633304,198645342,-,protein_coding,MUC20P1,198640239,198641629,-,pseudogene,MUC20P1,MUC20,1390,0.1154676856620701,1.0,False,False,538,0,False
45,chr4,NICOL1,2040482,2042451,+,protein_coding,C4orf48,2035065,2042451,+,protein_coding,C4orf48,NICOL1,1969,1.0,0.2665854318981857,True,False,95,151,False
46,chr4,MRFAP1L2,6649146,6651114,+,protein_coding,LOC93622,6649146,6651114,+,protein_coding,LOC93622,MRFAP1L2,1968,1.0,1.0,False,False,119,119,False
47,chr4,SPMAP2L,60018614,60091522,+,protein_coding,THEGL,60018614,60114234,+,protein_coding,THEGL,SPMAP2L,72908,1.0,0.7624764693578749,True,False,465,486,False
48,chr4,SPMAP2L,60018614,60091522,+,protein_coding,GLDCP1,60080459,60084280,+,pseudogene,GLDCP1,SPMAP2L,3821,0.052408514840621,1.0,False,False,465,0,False
49,chr4,UGT2B28,72743650,72758236,+,protein_coding,UGT2B24P,72743650,72758409,+,pseudogene,UGT2B24P,UGT2B28,14586,1.0,0.9882783386408294,False,False,529,0,False
50,chr4,BLTP1,125456397,125666898,+,protein_coding,KIAA1109,125456397,125666898,+,protein_coding,KIAA1109,BLTP1,210501,1.0,1.0,True,False,5093,5093,False
51,chr4,AFG2A,126227197,126623517,+,protein_coding,SPATA5,126227197,126623517,+,protein_coding,SPATA5,AFG2A,396320,1.0,1.0,True,False,893,917,False
52,chr4,AFG2A,126227197,126623517,+,protein_coding,COILP2,126327741,126330096,+,pseudogene,COILP2,AFG2A,2355,0.0059421679450948,1.0,False,False,893,0,False
53,chr4,CFAP96,188769596,188793104,+,protein_coding,C4orf47,188751767,188793104,+,protein_coding,C4orf47,CFAP96,23508,1.0,0.568691487045504,True,False,309,309,False
54,chr4,LOC128125818,6038752,6043938,-,protein_coding,JAKMIP1,5997806,6174505,-,protein_coding,JAKMIP1,LOC128125818,5186,1.0,0.0293493454971448,False,True,45,839,True
55,chr4,CFAP184,7012684,7014836,-,protein_coding,LOC100129931,7002390,7018066,-,lncRNA,LOC100129931,CFAP184,2152,1.0,0.1372799183465169,False,False,555,0,False
56,chr4,CFAP184,7012684,7014836,-,protein_coding,CCDC96,7012684,7014836,-,protein_coding,CCDC96,CFAP184,2152,1.0,1.0,True,False,555,555,False
57,chr4,SCPPPQ1,90789843,90800066,-,protein_coding,LOC105377321,90789843,90798963,-,lncRNA,LOC105377321,SCPPPQ1,9120,0.8921060354103492,1.0,False,False,79,0,False
58,chr4,GK3,122698223,122700120,-,protein_coding,GK6P,122697975,122700174,-,pseudogene,GK6P,GK3_1,1897,1.0,0.8626648476580264,False,False,553,0,False
59,chr4,SPMIP2,162243906,162386000,-,protein_coding,C4orf45,162243906,162433698,-,protein_coding,C4orf45,SPMIP2,142094,1.0,0.748682768504468,True,False,186,186,False
60,chr4,SPMIP2,162243906,162386000,-,protein_coding,LOC124900178,162260143,162260212,-,pseudogene,LOC124900178,SPMIP2,69,0.0004855940433797,1.0,False,False,186,0,False
61,chr4,GK3,168623800,168625697,-,protein_coding,GK3P,168623800,168625697,-,protein_coding,GK3P,GK3,1897,1.0,1.0,True,False,553,553,False
62,chr5,KGD4,70040372,70055914,+,protein_coding,MRPS36,70040372,70055914,+,protein_coding,MRPS36,KGD4,15542,1.0,1.0,True,False,103,103,False
63,chr5,ZNF475,122677032,122699514,+,protein_coding,LOC100505841,122677032,122699514,+,protein_coding,LOC100505841,ZNF475,22482,1.0,1.0,False,False,108,108,False
64,chr5,SPMIP10,127148570,127153149,+,protein_coding,TEX43,127148570,127153149,+,protein_coding,TEX43,SPMIP10,4579,1.0,1.0,True,False,134,134,False
65,chr5,LOC131768270,141090259,141094531,+,protein_coding,SLC35A4,141090259,141094531,+,protein_coding,SLC35A4,LOC131768270,4272,1.0,1.0,False,True,103,324,True
66,chr5,CFAP90,7769514,7790256,-,protein_coding,C5orf49,7769514,7790256,-,protein_coding,C5orf49,CFAP90,20742,1.0,1.0,True,False,147,147,False
67,chr5,ARB2A,94101790,94595720,-,protein_coding,FAM172A,94101790,94595756,-,protein_coding,FAM172A,ARB2A,493930,1.0,0.9999271204900744,True,False,416,416,False
68,chr5,ARB2A,94101790,94595720,-,protein_coding,MIR2277,94104761,94104853,-,miRNA,MIR2277,ARB2A,92,0.0001862612111027,1.0,False,False,416,0,False
69,chr5,ARB2A,94101790,94595720,-,protein_coding,NPM1P27,94166588,94167802,-,pseudogene,NPM1P27,ARB2A,1214,0.0024578381552041,1.0,False,False,416,0,False
70,chr5,ARB2A,94101790,94595720,-,protein_coding,POU5F2,94217284,94225664,-,protein_coding,POU5F2,ARB2A,8380,0.0169659668374061,1.0,False,True,416,328,True
71,chr5,SKIC3,95964834,96055916,-,protein_coding,TTC37,95964834,96055916,-,protein_coding,TTC37,SKIC3,91082,1.0,1.0,True,False,1564,1564,False
72,chr5,FAM200C,160921640,160928543,-,protein_coding,ZBED8,160921640,160928543,-,protein_coding,ZBED8,FAM200C,6903,1.0,1.0,True,False,594,594,False
73,chr6,PRP4K,3890936,3934285,+,protein_coding,PRPF4B,3890936,3934285,+,protein_coding,PRPF4B,PRP4K,43349,1.0,1.0,True,False,1007,1007,False
74,chr6,SKIC2,31812380,31822956,+,protein_coding,SKIV2L,31812380,31822956,+,protein_coding,SKIV2L,SKIC2,10576,1.0,1.0,True,False,1246,1246,False
75,chr6,BLTP3A,34614874,34700320,+,protein_coding,UHRF1BP1,34614874,34700320,+,protein_coding,UHRF1BP1,BLTP3A,85446,1.0,1.0,True,False,1440,1440,False
76,chr6,BLTP3A,34614874,34700320,+,protein_coding,RNY3P15,34696649,34696732,+,pseudogene,RNY3P15,BLTP3A,83,0.0009713737331179,1.0,False,False,1440,0,False
77,chr6,CIMIP3,41983624,41991617,+,protein_coding,LOC118142757,41983624,42008260,+,protein_coding,LOC118142757,CIMIP3,7993,1.0,0.324443903231044,False,False,112,201,False
78,chr6,CIMIP3,41983624,41991617,+,protein_coding,GUCA1ANB,41983624,41991617,+,protein_coding,GUCA1ANB,CIMIP3,7993,1.0,1.0,True,False,112,127,False
79,chr6,LOC128031835,52905207,52905278,+,protein_coding,FBXO9,52897406,52940463,+,protein_coding,FBXO9,LOC128031835,71,1.0,0.0016489769375479,False,True,23,447,True
80,chr6,LOC128125822,64718414,64729529,+,protein_coding,PTP4A1,64662355,64729529,+,protein_coding,PTP4A1,LOC128125822,11115,1.0,0.1654658052222586,False,True,44,200,True
81,chr6,ZC3H11C,66455264,66460362,+,protein_coding,LOC441155,66455264,66460362,+,protein_coding,LOC441155,ZC3H11C,5098,1.0,1.0,False,False,805,805,False
82,chr6,LOC127898563,69813457,69813534,+,protein_coding,ADGRB3,69812849,70568164,+,protein_coding,ADGRB3,LOC127898563,77,1.0,0.0001019442219471,False,True,25,1522,True
83,chr6,LOC128092253,135141328,135168099,+,protein_coding,TBPL1,135140198,135178439,+,protein_coding,TBPL1,LOC128092253,26771,1.0,0.7000601448706886,False,True,42,186,True
84,chr6,OR4F21,172013163,172014100,+,protein_coding,OR4F7P,172013163,172014100,+,pseudogene,OR4F7P,OR4F21_1,937,1.0,1.0,False,False,312,0,False
85,chr6,LOC127903862,16200900,16200989,-,protein_coding,ATXN1,16171667,16634155,-,protein_coding,ATXN1,LOC127903862,89,1.0,0.0001924374254034,False,True,29,816,True
86,chr6,SCAND3,28441914,28458672,-,protein_coding,ZBED9,28441914,28487574,-,protein_coding,ZBED9,SCAND3,16758,1.0,0.3670170827858081,True,False,1325,1325,False
87,chr6,LOC128092246,52880850,52880969,-,protein_coding,CILK1,52840881,52901428,-,protein_coding,CILK1,LOC128092246,119,1.0,0.0019654152972071,False,True,39,639,True
88,chr6,MTCL3,128661901,128708261,-,protein_coding,SOGA3-KIAA0408,128627332,128708261,-,lncRNA,SOGA3-KIAA0408,MTCL3,46360,1.0,0.5728478048659936,False,False,947,0,False
89,chr6,MTCL3,128661901,128708261,-,protein_coding,SOGA3,128661901,128708261,-,protein_coding,SOGA3,MTCL3,46360,1.0,1.0,True,False,947,947,False
90,chr7,C7orf78,12635463,12672302,+,protein_coding,LOC102725191,12614225,12673220,+,protein_coding,LOC102725191,C7orf78,36839,1.0,0.6244427493855411,False,False,256,348,False
91,chr7,SPMIP7,50257048,50320459,+,protein_coding,SPATA48,50257048,50320459,+,protein_coding,SPATA48,SPMIP7,63411,1.0,1.0,True,False,438,438,False
92,chr7,LOC128031837,113768818,113768976,+,protein_coding,IFRD1,113741458,113795506,+,protein_coding,IFRD1,LOC128031837,158,1.0,0.0029233274126702,False,True,52,451,True
93,chr7,SSU72L6,125793835,125795182,+,protein_coding,SSU72P8,125793889,125794473,+,pseudogene,SSU72P8,SSU72L6,584,0.4335560504825538,1.0,True,False,194,0,False
94,chr7,SPMIP1,130179257,130184974,+,protein_coding,ATP6V1FNB,130179257,130184974,+,protein_coding,ATP6V1FNB,SPMIP1,5717,1.0,1.0,True,False,176,176,False
95,chr7,IFT56,140447060,140505276,+,protein_coding,TTC26,140447060,140505276,+,protein_coding,TTC26,IFT56,58216,1.0,1.0,True,False,554,554,False
96,chr7,TCAF2,144983304,145010763,+,protein_coding,TCAF2P1,145000037,145005436,+,transcribed_pseudogene,TCAF2P1,TCAF2,5399,0.1966204158927856,1.0,False,False,919,0,False
97,chr7,LOC128092247,152235017,152235067,+,protein_coding,SLC4A2,152231288,152249645,+,protein_coding,SLC4A2,LOC128092247,50,1.0,0.0027237566051097,False,True,16,1241,True
98,chr7,SMIM10L3,6448805,6468359,-,protein_coding,FAM220A,6448805,6468359,-,protein_coding,FAM220A,SMIM10L3,19554,1.0,1.0,False,True,68,259,True
99,chr7,SMIM10L3,6448805,6468359,-,protein_coding,SAGSIN1,6448805,6468359,-,protein_coding,SAGSIN1,SMIM10L3,19554,1.0,1.0,True,False,68,68,False
100,chr7,HYCC1,23070797,23150674,-,protein_coding,FAM126A,23032434,23150674,-,protein_coding,FAM126A,HYCC1,79877,1.0,0.6755497293640054,True,False,521,521,False
101,chr7,SPMIP4,25269958,25315624,-,protein_coding,C7orf31,25261042,25315624,-,protein_coding,C7orf31,SPMIP4,45666,1.0,0.8366494448719358,True,False,590,590,False
102,chr7,MATCAP2,36465400,36508503,-,protein_coding,KIAA0895,36465400,36531625,-,protein_coding,KIAA0895,MATCAP2,43103,1.0,0.6508569271423179,True,False,517,555,False
103,chr7,UPK3BL2,44142846,44148608,-,protein_coding,POLR2J4,44099196,44177577,-,transcribed_pseudogene,POLR2J4,UPK3BL2,5762,1.0,0.0735127135402712,False,False,264,0,False
104,chr7,SAMTOR,114138029,114258806,-,protein_coding,BMT2,114138029,114258806,-,protein_coding,BMT2,SAMTOR,120777,1.0,1.0,True,False,405,405,False
105,chr8,FAM90A5,7002916,7005926,+,protein_coding,FAM90A4P,7001256,7006488,+,pseudogene,FAM90A4P,FAM90A5,3010,1.0,0.5753058103975535,False,False,464,0,False
106,chr8,FAM90A20,7010562,7013572,+,protein_coding,FAM90A14,7010562,7013572,+,protein_coding,FAM90A14_6,FAM90A20,3010,1.0,1.0,False,False,464,464,True
107,chr8,FAM90A11,7016372,7019382,+,protein_coding,FAM90A3P,7014712,7019944,+,pseudogene,FAM90A3P,FAM90A11,3010,1.0,0.5753058103975535,False,False,464,0,False
108,chr8,FAM90A3,7023994,7027004,+,protein_coding,FAM90A11P,7022334,7027564,+,pseudogene,FAM90A11P,FAM90A3,3010,1.0,0.5755258126195029,False,False,464,0,False
109,chr8,FAM90A13,11708430,11711440,+,protein_coding,FAM90A14,11708430,11711440,+,protein_coding,FAM90A14_1,FAM90A13_7,3010,1.0,1.0,False,False,464,464,True
110,chr8,FAM90A13,11716078,11719088,+,protein_coding,FAM90A14,11716078,11719088,+,protein_coding,FAM90A14_2,FAM90A13_9,3010,1.0,1.0,False,False,464,464,True
111,chr8,FAM90A13,11723726,11726736,+,protein_coding,FAM90A8,11723726,11726736,+,protein_coding,FAM90A8,FAM90A13_8,3010,1.0,1.0,False,False,464,464,True
112,chr8,FAM90A13,11731374,11734384,+,protein_coding,FAM90A17,11731374,11734384,+,protein_coding,FAM90A17,FAM90A13_4,3010,1.0,1.0,False,False,464,464,True
113,chr8,FAM90A13,11739022,11742032,+,protein_coding,FAM90A14,11739022,11742032,+,protein_coding,FAM90A14,FAM90A13,3010,1.0,1.0,False,False,464,464,True
114,chr8,FAM90A13,11746670,11749680,+,protein_coding,FAM90A13P,11745009,11750242,+,pseudogene,FAM90A13P,FAM90A13_3,3010,1.0,0.5751958723485572,True,False,464,0,False
115,chr8,FAM90A13,11754318,11757328,+,protein_coding,FAM90A14,11754318,11757328,+,protein_coding,FAM90A14_4,FAM90A13_6,3010,1.0,1.0,False,False,464,464,True
116,chr8,FAM90A13,11761966,11764976,+,protein_coding,FAM90A14,11761966,11764976,+,protein_coding,FAM90A14_10,FAM90A13_12,3010,1.0,1.0,False,False,464,464,True
117,chr8,FAM90A12,11769614,11772624,+,protein_coding,FAM90A12P,11767953,11773186,+,pseudogene,FAM90A12P_1,FAM90A12_4,3010,1.0,0.5751958723485572,True,False,464,0,False
118,chr8,FAM90A12,11777267,11780277,+,protein_coding,FAM90A12P,11775601,11780839,+,pseudogene,FAM90A12P_5,FAM90A12_2,3010,1.0,0.5746468117602138,True,False,464,0,False
119,chr8,FAM90A12,11784915,11787925,+,protein_coding,FAM90A24P,11783255,11788487,+,pseudogene,FAM90A24P_2,FAM90A12_8,3010,1.0,0.5753058103975535,False,False,464,0,False
120,chr8,FAM90A13,11792558,11795568,+,protein_coding,FAM90A15P,11790903,11796130,+,pseudogene,FAM90A15P,FAM90A13_2,3010,1.0,0.5758561316242586,False,False,464,0,False
121,chr8,FAM90A15,11807854,11810864,+,protein_coding,FAM90A14,11807854,11810864,+,protein_coding,FAM90A14_8,FAM90A15,3010,1.0,1.0,False,False,464,464,True
122,chr8,FAM90A13,11815502,11818512,+,protein_coding,FAM90A5P,11813841,11819074,+,pseudogene,FAM90A5P,FAM90A13_1,3010,1.0,0.5751958723485572,False,False,464,0,False
123,chr8,FAM90A13,11823150,11826160,+,protein_coding,FAM90A14,11823150,11826160,+,protein_coding,FAM90A14_3,FAM90A13_5,3010,1.0,1.0,False,False,464,464,True
124,chr8,FAM90A13,11830798,11833808,+,protein_coding,FAM90A14,11830798,11833808,+,protein_coding,FAM90A14_12,FAM90A13_15,3010,1.0,1.0,False,False,464,464,True
125,chr8,FAM90A12,11838446,11841456,+,protein_coding,FAM90A12P,11836785,11842018,+,pseudogene,FAM90A12P_2,FAM90A12_5,3010,1.0,0.5751958723485572,True,False,464,0,False
126,chr8,FAM90A12,11846099,11849109,+,protein_coding,FAM90A14,11846099,11849109,+,protein_coding,FAM90A14_11,FAM90A12_1,3010,1.0,1.0,False,False,464,464,True
127,chr8,FAM90A12,11853747,11856757,+,protein_coding,FAM90A24P,11852087,11857319,+,pseudogene,FAM90A24P_3,FAM90A12_7,3010,1.0,0.5753058103975535,False,False,464,0,False
128,chr8,FAM90A12,11861390,11864400,+,protein_coding,FAM90A12P,11859735,11864962,+,pseudogene,FAM90A12P_4,FAM90A12_3,3010,1.0,0.5758561316242586,True,False,464,0,False
129,chr8,FAM90A12,11869043,11872053,+,protein_coding,FAM90A24P,11867378,11872615,+,pseudogene,FAM90A24P_4,FAM90A12_6,3010,1.0,0.5747565400038189,False,False,464,0,False
130,chr8,FAM90A12,11876686,11879696,+,protein_coding,FAM90A12P,11875031,11880258,+,pseudogene,FAM90A12P_3,FAM90A12,3010,1.0,0.5758561316242586,True,False,464,0,False
131,chr8,FAM90A13,11884338,11887348,+,protein_coding,FAM90A16,11884338,11887348,+,protein_coding,FAM90A16_1,FAM90A13_16,3010,1.0,1.0,False,False,464,464,True
132,chr8,FAM90A13,11891986,11894996,+,protein_coding,FAM90A14,11891986,11894996,+,protein_coding,FAM90A14_5,FAM90A13_10,3010,1.0,1.0,False,False,464,464,True
133,chr8,FAM90A13,11899634,11902644,+,protein_coding,FAM90A14,11899634,11902644,+,protein_coding,FAM90A14_9,FAM90A13_11,3010,1.0,1.0,False,False,464,464,True
134,chr8,FAM90A24,12386661,12389671,+,protein_coding,FAM90A23,12386661,12389671,+,protein_coding,FAM90A23_4,FAM90A24_5,3010,1.0,1.0,False,False,464,464,True
135,chr8,FAM90A24,12394307,12397317,+,protein_coding,FAM90A24P,12392647,12397879,+,pseudogene,FAM90A24P_1,FAM90A24_3,3010,1.0,0.5753058103975535,True,False,464,0,False
136,chr8,FAM90A24,12401953,12404963,+,protein_coding,FAM90A24P,12400293,12405525,+,pseudogene,FAM90A24P,FAM90A24,3010,1.0,0.5753058103975535,True,False,464,0,False
137,chr8,FAM90A24,12417245,12420255,+,protein_coding,FAM90A23,12417245,12420255,+,protein_coding,FAM90A23_1,FAM90A24_4,3010,1.0,1.0,False,False,464,464,True
138,chr8,FAM90A24,12424895,12427905,+,protein_coding,FAM90A22,12424895,12427905,+,protein_coding,FAM90A22,FAM90A24_1,3010,1.0,1.0,False,False,464,464,True
139,chr8,FAM90A24,12432541,12435551,+,protein_coding,FAM90A23,12432541,12435551,+,protein_coding,FAM90A23_3,FAM90A24_2,3010,1.0,1.0,False,False,464,464,True
140,chr8,FAM90A24,12447832,12450842,+,protein_coding,FAM90A23,12447832,12450842,+,protein_coding,FAM90A23_2,FAM90A24_6,3010,1.0,1.0,False,False,464,464,True
141,chr8,LOC128092250,32928519,32928707,+,protein_coding,NRG1,31920455,33055399,+,protein_coding,NRG1,LOC128092250,188,1.0,0.0001656469394084,False,True,62,860,True
142,chr8,C8orf90,142643223,142647643,+,protein_coding,LOC122455339,142643223,142647643,+,protein_coding,LOC122455339,C8orf90,4420,1.0,1.0,False,False,192,192,False
143,chr8,FAM90A12,7314524,7317534,-,protein_coding,FAM90A12P,7313962,7319194,-,pseudogene,FAM90A12P_6,FAM90A12_9,3010,1.0,0.5753058103975535,True,False,464,0,False
144,chr8,FAM90A13,7329821,7332831,-,protein_coding,FAM90A16,7329821,7332831,-,protein_coding,FAM90A16_3,FAM90A13_14,3010,1.0,1.0,False,False,464,464,True
145,chr8,FAM90A13,7337472,7340482,-,protein_coding,FAM90A16,7337472,7340482,-,protein_coding,FAM90A16_2,FAM90A13_13,3010,1.0,1.0,False,False,464,464,True
146,chr8,ZFTRAF1,145619341,145632631,-,protein_coding,CYHR1,145619341,145632631,-,protein_coding,CYHR1,ZFTRAF1,13290,1.0,1.0,True,False,404,404,False
147,chr8,ZFTRAF1,145619341,145632631,-,protein_coding,LOC84773-CYHR1,145619690,145635248,-,protein_coding,LOC84773-CYHR1,ZFTRAF1,12941,0.973739653875094,0.8317907186013627,False,False,404,362,False
148,chr8,ZFTRAF1,145619341,145632631,-,protein_coding,MIR10400,145632245,145632299,-,miRNA,MIR10400,ZFTRAF1,54,0.0040632054176072,1.0,False,False,404,0,False
149,chr8,TMEM276,145633585,145635248,-,protein_coding,LOC84773-CYHR1,145619690,145635248,-,protein_coding,LOC84773-CYHR1,TMEM276,1663,1.0,0.1068903458028024,False,False,192,362,False
150,chr8,TMEM276,145633585,145635248,-,protein_coding,LOC84773,145633585,145635457,-,protein_coding,LOC84773,TMEM276,1663,1.0,0.8883547008547008,False,False,192,192,False
151,chr9,SPATA31G1,35061419,35065165,+,protein_coding,C9orf131,35060274,35065165,+,protein_coding,C9orf131,SPATA31G1,3746,1.0,0.7658965446738908,True,False,1079,1079,False
152,chr9,ZNG1F,42105680,42163687,+,protein_coding,CBWD6,42089304,42163687,+,protein_coding,CBWD6,ZNG1F,58007,1.0,0.7798421682373661,True,False,395,395,False
153,chr9,ZNG1C,80416505,80473721,+,protein_coding,CBWD3,80406861,80473721,+,protein_coding,CBWD3,ZNG1C_1,57216,1.0,0.8557583009273108,True,False,395,270,False
154,chr9,ZNG1C,80416505,80473721,+,protein_coding,LOC124902173,80459730,80466105,+,lncRNA,LOC124902173,ZNG1C_1,6375,0.1114198825503355,1.0,False,False,395,0,False
155,chr9,ENTREP1,81491871,81559059,+,protein_coding,FAM189A2,81491223,81559059,+,protein_coding,FAM189A2,ENTREP1,67188,1.0,0.9904475499734654,True,False,603,603,False
156,chr9,LOC128092248,142918582,142918680,+,protein_coding,ABL1,142917999,143092548,+,protein_coding,ABL1,LOC128092248,98,1.0,0.0005614469289425,False,True,32,1149,True
157,chr9,ZNG1A,114953,173385,-,protein_coding,CBWD1,114953,173385,-,protein_coding,CBWD1,ZNG1A,58432,1.0,1.0,True,False,395,395,False
158,chr9,ZNG1A,114953,173385,-,protein_coding,LOC105375942,122723,129299,-,lncRNA,LOC105375942,ZNG1A,6576,0.1125410733844468,1.0,False,False,395,0,False
159,chr9,BRD10,5924176,6013620,-,protein_coding,KIAA2026,5883999,6013620,-,protein_coding,KIAA2026,BRD10,89444,1.0,0.6900425085441402,True,False,2103,2103,False
160,chr9,RIGI,32471227,32542369,-,protein_coding,DDX58,32471227,32542369,-,protein_coding,DDX58,RIGI,71142,1.0,1.0,True,False,925,925,False
161,chr9,SPMIP6,34397509,34416300,-,protein_coding,C9orf24,34397509,34416300,-,protein_coding,C9orf24,SPMIP6,18791,1.0,1.0,True,False,262,299,False
162,chr9,SPATA31F1,34742088,34748523,-,protein_coding,FAM205A,34742088,34748523,-,protein_coding,FAM205A,SPATA31F1,6435,1.0,1.0,True,False,1335,1335,False
163,chr9,SPATA31F1,34851154,34857592,-,protein_coding,FAM205BP,34849306,34857624,-,transcribed_pseudogene,FAM205BP,SPATA31F1_1,6438,1.0,0.7739841308006732,False,False,1335,0,False
164,chr9,SPATA31F3,34908086,34914785,-,protein_coding,FAM205C,34908086,34914785,-,protein_coding,FAM205C,SPATA31F3,6699,1.0,1.0,True,False,208,338,False
165,chr9,ATOSB,35123295,35135050,-,protein_coding,FAM214B,35123295,35135568,-,protein_coding,FAM214B,ATOSB,11755,1.0,0.9577935305141368,True,False,538,538,False
166,chr9,CIMIP2B,35582504,35584551,-,protein_coding,FAM166B,35582504,35584551,-,protein_coding,FAM166B,CIMIP2B,2047,1.0,1.0,True,False,275,306,False
167,chr9,CNTNAP3,39078097,39301584,-,protein_coding,LOC101930090,39113307,39163376,-,pseudogene,LOC101930090,CNTNAP3,50069,0.2240354025066335,1.0,False,False,1288,0,False
168,chr9,CNTNAP3,39078097,39301584,-,protein_coding,CNTNAP3C,39170905,39302008,-,protein_coding,CNTNAP3C,CNTNAP3,130679,0.5847275233011316,0.9967659016193374,False,False,1288,514,False
169,chr9,CNTNAP3,39078097,39301584,-,protein_coding,LOC100420438,39274724,39275266,-,pseudogene,LOC100420438,CNTNAP3,542,0.0024251969913238,1.0,False,False,1288,0,False
170,chr9,ZNG1E,40658096,40716224,-,protein_coding,CBWD5,40658096,40739192,-,protein_coding,CBWD5,ZNG1E,58128,1.0,0.7167801124593075,True,False,395,395,False
171,chr9,ZNG1C,80061576,80119701,-,protein_coding,CBWD4P,80061395,80095397,-,pseudogene,CBWD4P,ZNG1C,33821,0.5818666666666666,0.9946767837186048,False,False,395,0,False
172,chr9,QNG1,96088591,96107022,-,protein_coding,C9orf64,96088591,96107266,-,protein_coding,C9orf64,QNG1,18431,1.0,0.986934404283802,True,False,341,341,False
173,chr9,EEIG1,140148362,140188761,-,protein_coding,FAM102A,140148362,140188761,-,protein_coding,FAM102A,EEIG1,40399,1.0,1.0,True,False,384,384,False
174,chr9,CIMIP2A,149481268,149485420,-,protein_coding,FAM166A,149481268,149492791,-,protein_coding,FAM166A,CIMIP2A,4152,1.0,0.3603228325956782,True,False,317,352,False
175,chr10,MSANTD7,14852271,14860964,+,protein_coding,HSPA14,14852271,14885706,+,protein_coding,HSPA14,MSANTD7,8693,1.0,0.2599970091221774,False,True,361,509,True
176,chr10,MSANTD7,14852271,14860964,+,protein_coding,LOC100421372,14852271,14860964,+,protein_coding,LOC100421372,MSANTD7,8693,1.0,1.0,False,False,361,361,False
177,chr10,GPR15LG,85052266,85063813,+,protein_coding,C10orf99,85052266,85063813,+,protein_coding,C10orf99,GPR15LG,11547,1.0,1.0,True,False,81,132,False
178,chr10,SPADH,123547893,123554537,+,protein_coding,LOC112577516,123547893,123554537,+,protein_coding,LOC112577516,SPADH,6644,1.0,1.0,False,False,137,137,False
179,chr10,DUSP13B,75967934,75973009,-,protein_coding,DUSP13,75967932,75982690,-,protein_coding,DUSP13,DUSP13B,5075,1.0,0.3438812847269277,True,False,334,417,False
180,chr10,DUSP13A,75979167,75982656,-,protein_coding,DUSP13,75967932,75982690,-,protein_coding,DUSP13,DUSP13A,3489,1.0,0.2364141482585716,False,False,188,417,False
181,chr10,SPMIP5,117558016,117564298,-,protein_coding,C10orf82,117556531,117564614,-,protein_coding,C10orf82,SPMIP5,6282,1.0,0.7771866881108499,True,False,234,317,False
182,chr11,CIMAP1A,237936,241436,+,protein_coding,ODF3,237936,241436,+,protein_coding,ODF3,CIMAP1A,3500,1.0,1.0,True,False,254,254,False
183,chr11,SSU72L5,4298266,4299336,+,protein_coding,SSU72P5,4298327,4298921,+,pseudogene,SSU72P5,SSU72L5,594,0.5551401869158878,1.0,True,False,194,0,False
184,chr11,SSU72L4,4343683,4344784,+,protein_coding,SSU72P6,4343775,4344369,+,pseudogene,SSU72P6,SSU72L4_1,594,0.5395095367847411,1.0,False,False,194,0,False
185,chr11,SSU72L3,4394877,4395951,+,protein_coding,SSU72P3,4394951,4395536,+,pseudogene,SSU72P3,SSU72L3,585,0.5446927374301676,1.0,True,False,194,0,False
186,chr11,BMAL1,13370517,13480010,+,protein_coding,ARNTL,13369378,13480010,+,protein_coding,ARNTL,BMAL1,109493,1.0,0.9897046062622026,True,False,626,674,False
187,chr11,BMAL1,13370517,13480010,+,protein_coding,RN7SKP151,13445972,13446287,+,pseudogene,RN7SKP151,BMAL1,315,0.0028768962399422,1.0,False,False,626,0,False
188,chr11,MISFA,18697880,18701975,+,protein_coding,SPTY2D1OS,18697880,18707967,+,protein_coding,SPTY2D1OS,MISFA,4095,1.0,0.4059680777238029,True,False,59,59,False
189,chr11,SAXO4,61470007,61479841,+,protein_coding,PPP1R32,61470007,61479841,+,protein_coding,PPP1R32,SAXO4,9834,1.0,1.0,True,False,425,425,False
190,chr11,TOP6BL,66741018,66839790,+,protein_coding,C11orf80,66740985,66839790,+,protein_coding,C11orf80,TOP6BL,98772,1.0,0.9996660088052224,True,False,511,677,False
191,chr11,TOP6BL,66741018,66839790,+,protein_coding,RCE1,66839715,66842826,+,protein_coding,RCE1,TOP6BL,75,0.0007593245049204,0.0241080038572806,False,True,511,329,True
192,chr11,DEFB130A,71783189,71790566,+,protein_coding,DEFB130C,71783189,71790566,+,pseudogene,DEFB130C,DEFB130A,7377,1.0,1.0,False,False,78,0,False
193,chr11,POU2AF3,111308735,111318916,+,protein_coding,COLCA2,111308735,111318916,+,protein_coding,COLCA2,POU2AF3,10181,1.0,1.0,True,False,251,268,False
194,chr11,CFAP68,111889784,111896218,+,protein_coding,C11orf1,111889784,111896218,+,protein_coding,C11orf1,CFAP68,6434,1.0,1.0,True,False,150,166,False
195,chr11,NHERF4,119205845,119210583,+,protein_coding,PDZD3,119205845,119210583,+,protein_coding,PDZD3,NHERF4,4738,1.0,1.0,True,False,505,571,False
196,chr11,OR4F16,113128,114065,-,protein_coding,OR4F2P,113128,114065,-,pseudogene,OR4F2P,OR4F16,937,1.0,1.0,False,False,312,0,False
197,chr11,SSU72L2,4306699,4307764,-,protein_coding,SSU72P2,4307114,4307708,-,pseudogene,SSU72P2,SSU72L2,594,0.5577464788732395,1.0,True,False,194,0,False
198,chr11,SSU72L4,4352158,4353259,-,protein_coding,SSU72P4,4352573,4353167,-,pseudogene,SSU72P4,SSU72L4,594,0.5395095367847411,1.0,True,False,194,0,False
199,chr11,SSU72L1,4403332,4404432,-,protein_coding,SSU72P7,4403747,4404331,-,pseudogene,SSU72P7,SSU72L1,584,0.5309090909090909,1.0,True,False,194,0,False
200,chr11,FREY1,46062464,46063201,-,protein_coding,C11orf94,46062464,46063201,-,protein_coding,C11orf94,FREY1,737,1.0,1.0,True,False,98,98,False
201,chr11,DRC12,119210624,119216213,-,protein_coding,CCDC153,119210624,119216213,-,protein_coding,CCDC153,DRC12,5589,1.0,1.0,True,False,210,210,False
202,chr11,DRC12,119210624,119216213,-,protein_coding,SNORD150,119210937,119211011,-,snoRNA,SNORD150,DRC12,74,0.0132402934335301,1.0,False,False,210,0,False
203,chr12,BMAL2,27204471,27296954,+,protein_coding,ARNTL2,27204471,27296954,+,protein_coding,ARNTL2,BMAL2,92483,1.0,1.0,True,False,636,647,False
204,chr12,BMAL2,27204471,27296954,+,protein_coding,SMCO2,27294986,27373856,+,protein_coding,SMCO2,BMAL2,1968,0.0212795865186034,0.0249524534043362,False,True,636,343,True
205,chr12,REDIC1,39576056,39671757,+,protein_coding,C12orf40,39576056,39858183,+,protein_coding,C12orf40,REDIC1,95701,1.0,0.3392124823217912,True,False,652,652,False
206,chr12,SPMIP11,48689465,48727817,+,protein_coding,TEX49,48689465,48733487,+,protein_coding,TEX49,SPMIP11,38352,1.0,0.8712007632547363,True,False,131,131,False
207,chr12,TMT1A,50888286,50895782,+,protein_coding,METTL7A,50888286,50895782,+,protein_coding,METTL7A,TMT1A,7496,1.0,1.0,True,False,244,244,False
208,chr12,TMT1A,50888286,50895782,+,protein_coding,HIGD1C,50894384,50935936,+,protein_coding,HIGD1C,TMT1A,1398,0.1864994663820704,0.0336445899114362,False,True,244,158,True
209,chr12,TMT1B,55648368,55651240,+,protein_coding,METTL7B,55648368,55651240,+,protein_coding,METTL7B,TMT1B,2872,1.0,1.0,True,False,244,244,False
210,chr12,RLIG1,88017414,88032038,+,protein_coding,C12orf29,88017414,88032038,+,protein_coding,C12orf29,RLIG1,14624,1.0,1.0,True,False,325,325,False
211,chr12,ABTB3,107282040,107623123,+,protein_coding,BTBD11,107282040,107623123,+,protein_coding,BTBD11,ABTB3,341083,1.0,1.0,True,False,1104,1104,False
212,chr12,ABTB3,107282040,107623123,+,protein_coding,LOC124900324,107338371,107338453,+,snoRNA,LOC124900324,ABTB3,82,0.0002404106918257,1.0,False,False,1104,0,False
213,chr12,LOC128071547,120523877,120524137,+,protein_coding,RNF10,120523536,120566717,+,protein_coding,RNF10,LOC128071547,260,1.0,0.006021166716843,False,True,86,816,True
214,chr12,FERRY3,4494524,4545256,-,protein_coding,C12orf4,4494524,4545256,-,protein_coding,C12orf4,FERRY3,50732,1.0,1.0,True,False,552,552,False
215,chr12,H4C16,14648070,14648481,-,protein_coding,H4-16,14648070,14648481,-,protein_coding,H4-16,H4C16,411,1.0,1.0,True,False,103,103,False
216,chr12,LOC128125814,57485940,57488708,-,protein_coding,DDIT3,57484816,57489926,-,protein_coding,DDIT3,LOC128125814,2768,1.0,0.5416829745596868,False,True,34,208,True
217,chr12,LOC128125814,57485940,57488708,-,protein_coding,MIR616,57487391,57487487,-,miRNA,MIR616,LOC128125814,96,0.0346820809248554,1.0,False,False,34,0,False
218,chr12,BLTP3B,99998293,100104109,-,protein_coding,UHRF1BP1L,99998293,100104109,-,protein_coding,UHRF1BP1L,BLTP3B,105816,1.0,1.0,True,False,1464,1464,False
219,chr12,UQCC6,103911904,103918930,-,protein_coding,C12orf73,103911904,103927406,-,protein_coding,C12orf73,UQCC6,7026,1.0,0.4532318410527673,True,False,71,142,False
220,chr12,LOC128125816,122222216,122222350,-,protein_coding,DIABLO,122203450,122223242,-,protein_coding,DIABLO,LOC128125816,134,1.0,0.006770412287793,False,True,44,239,True
221,chr13,PRR20D,56384066,56387086,+,protein_coding,PRR20FP,56385954,56386133,+,pseudogene,PRR20FP,PRR20D,179,0.0592715231788079,1.0,False,False,221,0,False
222,chr13,LOC127898562,76550753,76550836,-,protein_coding,MYCBP2,76268292,76550942,-,protein_coding,MYCBP2,LOC127898562,83,1.0,0.0002936493897045,False,True,27,4797,True
223,chr14,OR4N4C,13995713,13996836,+,protein_coding,OR4N1P,13995713,13996877,+,pseudogene,OR4N1P,OR4N4C,1123,1.0,0.9647766323024056,False,False,316,0,False
224,chr14,LYSET,87417256,87420404,+,protein_coding,TMEM251,87416913,87420404,+,protein_coding,TMEM251,LYSET,3148,1.0,0.9017473503294186,True,False,163,163,False
225,chr14,POTEG,13713835,13745718,-,protein_coding,POTEM,13709373,13745718,-,protein_coding,POTEM,POTEG,31883,1.0,0.8772320814417389,False,False,545,545,True
226,chr14,POTEG,13713835,13745718,-,protein_coding,ACTBP10,13712538,13714265,-,pseudogene,ACTBP10_1,POTEG,430,0.0134868111532791,0.2489866821077012,False,False,545,0,False
227,chr14,POTEG,13713835,13745718,-,protein_coding,RNU6-1239P,13734167,13734273,-,pseudogene,RNU6-1239P,POTEG,106,0.0033246557726688,1.0,False,False,545,0,False
228,chr15,GOLGA6L24,26330280,26340490,+,protein_coding,LOC645202,26330280,26340490,+,protein_coding,LOC645202,GOLGA6L24,10210,1.0,1.0,False,False,826,826,False
229,chr15,GOLGA8Q,28345301,28358930,+,protein_coding,GOLGA8R,28345231,28358930,+,protein_coding,GOLGA8R_1,GOLGA8Q,13629,1.0,0.9948901379662748,False,False,631,631,True
230,chr15,GOLGA8Q,28345301,28358930,+,protein_coding,LOC100288482,28345428,28345951,+,pseudogene,LOC100288482_1,GOLGA8Q,523,0.0383740553232078,1.0,False,False,631,0,False
231,chr15,GOLGA8Q,28345301,28358930,+,protein_coding,RN7SL196P,28353895,28354185,+,pseudogene,RN7SL196P,GOLGA8Q,290,0.0212781568713772,1.0,False,False,631,0,False
232,chr15,MAPDA,41137979,41161894,+,protein_coding,ADAL,41137658,41161894,+,protein_coding,ADAL,MAPDA,23915,1.0,0.9867552401386368,True,False,355,355,False
233,chr15,AFG2B,43210511,43229587,+,protein_coding,SPATA5L1,43210511,43229587,+,protein_coding,SPATA5L1,AFG2B,19076,1.0,1.0,True,False,753,753,False
234,chr15,CIMAP1C,73594750,73598397,+,protein_coding,ODF3L1,73594750,73598397,+,protein_coding,ODF3L1,CIMAP1C,3647,1.0,1.0,True,False,274,291,False
235,chr15,LOC128071545,78865787,78865924,+,protein_coding,TLNRD1,78864568,78869433,+,protein_coding,TLNRD1,LOC128071545,137,1.0,0.0281603288797533,False,True,45,362,True
236,chr15,OR4F21,99642467,99643404,+,protein_coding,OR4F28P,99642467,99643404,+,pseudogene,OR4F28P,OR4F21,937,1.0,1.0,False,False,312,0,False
237,chr15,POTEB3,18748387,18783424,-,protein_coding,POTEB,18751950,18783424,-,protein_coding,POTEB,POTEB3,31474,0.898307503496304,1.0,False,False,581,581,True
238,chr15,POTEB3,18748387,18783424,-,protein_coding,RNU6-631P,18771805,18771911,-,pseudogene,RNU6-631P,POTEB3,106,0.0030253731769272,1.0,False,False,581,0,False
239,chr15,GOLGA6L26,21060809,21070472,-,protein_coding,LOC102723623,21060809,21070472,-,protein_coding,LOC102723623,GOLGA6L26,9663,1.0,1.0,False,False,648,673,False
240,chr15,GOLGA6L25,26090606,26100826,-,protein_coding,LOC100132202,26090606,26100826,-,protein_coding,LOC100132202,GOLGA6L25,10220,1.0,1.0,False,False,826,826,False
241,chr15,ENTREP2,26897354,27361792,-,protein_coding,FAM189A1,26895232,27466166,-,protein_coding,FAM189A1,ENTREP2,464438,1.0,0.8134705587686142,True,False,539,615,False
242,chr15,ENTREP2,26897354,27361792,-,protein_coding,LOC100420707,27012052,27013520,-,pseudogene,LOC100420707,ENTREP2,1468,0.0031608094083602,1.0,False,False,539,0,False
243,chr15,ENTREP2,26897354,27361792,-,protein_coding,NSMCE3,27043359,27048192,-,protein_coding,NSMCE3,ENTREP2,4833,0.0104061252524556,1.0,False,True,539,304,True
244,chr15,LOC128092252,48456849,48493773,-,protein_coding,TRPM7,48365238,48493853,-,protein_coding,TRPM7,LOC128092252,36924,1.0,0.2870893752672705,False,True,129,1910,True
245,chr15,ATOSA,50389635,50487643,-,protein_coding,FAM214A,50389635,50518064,-,protein_coding,FAM214A,ATOSA,98008,1.0,0.763129822703595,True,False,1076,1083,False
246,chr15,SKIC8,76145807,76162185,-,protein_coding,WDR61,76145807,76162185,-,protein_coding,WDR61,SKIC8,16378,1.0,1.0,True,False,305,305,False
247,chr15,POLGARF,87085031,87088632,-,protein_coding,POLG,87071147,87089647,-,protein_coding,POLG,POLGARF,3601,1.0,0.1946486486486486,False,True,260,1239,True
248,chr16,NHERF2,2046859,2058835,+,protein_coding,SLC9A3R2,2046859,2058835,+,protein_coding,SLC9A3R2,NHERF2,11976,1.0,1.0,True,False,337,360,False
249,chr16,HAPSTR1,9124455,9154443,+,protein_coding,C16orf72,9124455,9154443,+,protein_coding,C16orf72,HAPSTR1,29988,1.0,1.0,True,False,275,275,False
250,chr16,NPIPA6,16340281,16359022,+,protein_coding,PKD1P1,16315687,16359022,+,transcribed_pseudogene,PKD1P1,NPIPA6,18741,1.0,0.4324679820006923,False,False,369,0,False
251,chr16,EIF3CL,28992128,29016177,+,protein_coding,EIF3C,28969279,29016311,+,protein_coding,EIF3C_1,EIF3CL,24049,1.0,0.5113327096444974,False,False,913,913,True
252,chr16,EIF3CL,28992128,29016177,+,protein_coding,MIR6862-2,29004923,29004992,+,miRNA,MIR6862-2,EIF3CL,69,0.0028691421680735,1.0,False,False,913,0,False
253,chr16,SPMIP8,63771815,63783405,+,protein_coding,TEPP,63771815,63783405,+,protein_coding,TEPP,SPMIP8,11590,1.0,1.0,True,False,216,308,False
254,chr16,CFAP263,64045534,64079127,+,protein_coding,CCDC113,63992641,64079127,+,protein_coding,CCDC113,CFAP263,33593,1.0,0.3884212473695164,True,False,377,377,False
255,chr16,UQCC4,1434364,1435359,-,protein_coding,C16orf91,1434364,1435359,-,protein_coding,C16orf91,UQCC4,995,1.0,1.0,True,False,132,132,False
256,chr16,CHD9NB,58839219,58850614,-,protein_coding,LOC105371267,58833426,58850614,-,protein_coding,LOC105371267,CHD9NB,11395,1.0,0.6629625319990691,False,False,52,52,False
257,chr16,MATCAP1,72969893,72978247,-,protein_coding,KIAA0895L,72969893,72978247,-,protein_coding,KIAA0895L,MATCAP1,8354,1.0,1.0,True,False,471,471,False
258,chr16,LOC128462377,95397355,95498845,-,protein_coding,ANKRD11,95347957,95571214,-,protein_coding,ANKRD11,LOC128462377,101490,1.0,0.4545882100001344,False,True,12,2663,True
259,chr17,LIAT1,332229,336570,+,protein_coding,C17orf97,332229,336570,+,protein_coding,C17orf97,LIAT1,4341,1.0,1.0,True,False,423,423,False
260,chr17,LASP1NB,39788698,39792463,+,protein_coding,LINC00672,39788252,39792466,+,lncRNA,LINC00672,LASP1NB,3765,1.0,0.8934504034171808,True,False,25,0,False
261,chr17,KRTAP9-6,42103803,42104282,+,protein_coding,KRTAP9-11P,42103769,42104475,+,pseudogene,KRTAP9-11P,KRTAP9-6,479,1.0,0.6784702549575071,False,False,159,0,False
262,chr17,CHCT1,61291426,61300355,+,protein_coding,C17orf64,61290151,61300355,+,protein_coding,C17orf64,CHCT1,8929,1.0,0.8750490003920032,True,False,236,279,False
263,chr17,MTNAP1,74122159,74138687,+,protein_coding,C17orf80,74122159,74138687,+,protein_coding,C17orf80,MTNAP1,16528,1.0,1.0,True,False,609,609,False
264,chr17,NHERF1,75640506,75661228,+,protein_coding,MIR3615,75640491,75640577,+,miRNA,MIR3615,NHERF1,71,0.0034263102017179,0.8255813953488372,False,False,358,0,False
265,chr17,NHERF1,75640506,75661228,+,protein_coding,SLC9A3R1,75640506,75661228,+,protein_coding,SLC9A3R1,NHERF1,20722,1.0,1.0,True,False,358,358,False
266,chr17,BLTP2,29557170,29587882,-,protein_coding,KIAA0100,29557164,29587883,-,protein_coding,KIAA0100,BLTP2,30712,1.0,0.9997721279989584,True,False,2235,2235,False
267,chr17,SPMAP1,39698166,39704496,-,protein_coding,C17orf98,39698166,39704496,-,protein_coding,C17orf98,SPMAP1,6330,1.0,1.0,True,False,154,154,False
268,chr17,IGBP1C,59528282,59559911,-,protein_coding,TEX14,59424548,59559911,-,protein_coding,TEX14,IGBP1C,31629,1.0,0.2336606014937612,False,True,340,1497,True
269,chr17,IGBP1C,59528282,59559911,-,protein_coding,IGBP1P2,59528282,59559911,-,protein_coding,IGBP1P2,IGBP1C,31629,1.0,1.0,True,False,340,340,False
270,chr17,IGBP1C,59528282,59559911,-,protein_coding,RNU1-108P,59534394,59534554,-,pseudogene,RNU1-108P,IGBP1C,160,0.0050586487084637,1.0,False,False,340,0,False
271,chr17,IGBP1C,59528282,59559911,-,protein_coding,RNU1-52P,59545430,59545593,-,pseudogene,RNU1-52P,IGBP1C,163,0.0051534983717474,1.0,False,False,340,0,False
272,chr17,IGBP1C,59528282,59559911,-,protein_coding,RNVU1-34,59547392,59547555,-,pseudogene,RNVU1-34,IGBP1C,163,0.0051534983717474,1.0,False,False,340,0,False
273,chr17,TBC1D3C,60876852,60887809,-,protein_coding,TBC1D3P1-DHX40P1,60831099,60887781,-,transcribed_pseudogene,TBC1D3P1-DHX40P1,TBC1D3C,10929,0.9974445559916036,0.1928125330792844,False,False,564,0,False
274,chr17,TBC1D3C,60876852,60887809,-,protein_coding,TBC1D3P1,60876669,60887781,-,pseudogene,TBC1D3P1,TBC1D3C,10929,0.9974445559916036,0.9835313174946004,False,False,564,0,False
275,chr17,VCF1,74097093,74122120,-,protein_coding,FAM104A,74097081,74122120,-,protein_coding,FAM104A,VCF1,25027,1.0,0.9995207476336916,True,False,207,207,False
276,chr18,ARK2N,46364660,46457614,+,protein_coding,C18orf25,46364179,46457614,+,protein_coding,C18orf25,ARK2N,92954,1.0,0.9948520361748808,True,False,403,403,False
277,chr18,ARK2C,46524603,46653701,+,protein_coding,RNF165,46524603,46653701,+,protein_coding,RNF165,ARK2C,129098,1.0,1.0,True,False,346,346,False
278,chr19,SAXO5,7498219,7509163,+,protein_coding,TEX45,7498219,7509163,+,protein_coding,TEX45,SAXO5,10944,1.0,1.0,True,False,505,505,False
279,chr19,TEKTL1,15135627,15148213,+,protein_coding,CCDC105,15135627,15148213,+,protein_coding,CCDC105,TEKTL1,12586,1.0,1.0,True,False,499,499,False
280,chr19,RPSA2,23903473,23970913,+,protein_coding,RPSAP58,23898911,24016747,+,protein_coding,RPSAP58,RPSA2,67440,1.0,0.5723208527105469,True,False,295,295,False
281,chr19,OR4F21,107442,108379,-,protein_coding,OR4F8P,107445,108379,-,pseudogene,OR4F8P,OR4F21_2,934,0.9967982924226254,1.0,False,False,312,0,False
282,chr19,SPMAP2,310606,324885,-,protein_coding,THEG,310606,324885,-,protein_coding,THEG,SPMAP2,14279,1.0,1.0,True,False,379,411,False
283,chr19,CIMAP1D,414863,426225,-,protein_coding,ODF3L2,414863,444061,-,protein_coding,ODF3L2,CIMAP1D,11362,1.0,0.3891362422083704,True,False,289,289,False
284,chr19,SMIM46,14238936,14239088,-,protein_coding,PRKACA,14218299,14244374,-,protein_coding,PRKACA,SMIM46,152,1.0,0.0058293384467881,False,True,50,427,True
285,chr19,CIST1,18384118,18389460,-,protein_coding,LOC729966,18384034,18389517,-,protein_coding,LOC729966,CIST1,5342,1.0,0.9742841510122195,False,False,234,234,False
286,chr19,ACTMAP,43561552,43571168,-,protein_coding,C19orf54,43561552,43571168,-,protein_coding,C19orf54,ACTMAP,9616,1.0,1.0,True,False,351,416,False
287,chr19,SAXO3,52012741,52015325,-,protein_coding,LHB,52010754,52014273,-,protein_coding,LHB,SAXO3,1532,0.5928792569659442,0.4353509519749929,False,True,334,157,True
288,chr19,SAXO3,52012741,52015325,-,protein_coding,LOC101059948,52012741,52015325,-,protein_coding,LOC101059948,SAXO3,2584,1.0,1.0,False,False,334,334,False
289,chr19,SMIM47,53875222,53875654,-,protein_coding,LOC105372440,53875222,53875654,-,protein_coding,LOC105372440,SMIM47,432,1.0,1.0,False,False,28,28,False
290,chr20,CIMIP1,59930302,59940549,+,protein_coding,C20orf85,59930302,59940549,+,protein_coding,C20orf85,CIMIP1,10247,1.0,1.0,True,False,137,137,False
291,chr20,ADISSP,3784462,3798692,-,protein_coding,C20orf27,3784462,3799327,-,protein_coding,C20orf27,ADISSP,14230,1.0,0.9572822065253952,True,False,174,199,False
292,chr20,LOC128706665,10456718,10477226,-,protein_coding,MKKS,10444020,10477226,-,protein_coding,MKKS,LOC128706665,20508,1.0,0.6175992290549901,False,True,63,570,True
293,chr20,LOC128706666,10456718,10477226,-,protein_coding,MKKS,10444020,10477226,-,protein_coding,MKKS,LOC128706666,20508,1.0,0.6175992290549901,False,True,50,570,True
294,chr20,MTCL2,38501731,38587835,-,protein_coding,SOGA1,38501731,38587835,-,protein_coding,SOGA1,MTCL2,86104,1.0,1.0,True,False,1661,1661,False
295,chr21,CRYAA,41560102,41563900,+,protein_coding,LOC102724652,41498596,41563900,+,protein_coding,LOC102724652,CRYAA,3798,1.0,0.0581587651598677,False,False,173,173,False
296,chr21,TRAPPC10,42367933,42462167,+,protein_coding,LOC102724200,42452202,42461892,+,protein_coding,LOC102724200,TRAPPC10,9690,0.102829127491139,1.0,False,False,1259,245,False
297,chr21,PWP2,42463009,42486796,+,protein_coding,LOC102724159,42463009,42486796,+,protein_coding,LOC102724159,PWP2,23787,1.0,1.0,False,False,919,919,False
298,chr21,GATD3,42489298,42501326,+,protein_coding,LOC102724023,42489298,42501326,+,protein_coding,LOC102724023,GATD3,12028,1.0,1.0,False,False,268,268,False
299,chr21,LOC128092249,44711641,44711844,+,protein_coding,PCNT,44709501,44831895,+,protein_coding,PCNT,LOC128092249,203,1.0,0.0016585780348709,False,True,67,3376,True
300,chr21,EPCIP,31156897,31179935,-,protein_coding,C21orf62,31156897,31179935,-,protein_coding,C21orf62,EPCIP,23038,1.0,1.0,True,False,219,219,False
301,chr21,KCNE1,32829245,32894776,-,protein_coding,LOC124900475,32838670,32838797,-,snoRNA,LOC124900475,KCNE1,127,0.0019380140696769,1.0,False,False,129,0,False
302,chr21,KCNE1,32829245,32894776,-,protein_coding,LOC105379505,32866580,32869585,-,lncRNA,LOC105379505,KCNE1,3005,0.0458561596801513,1.0,False,False,129,0,False
303,chr21,CBS,41444310,41466951,-,protein_coding,LOC102724560,41444310,41468059,-,protein_coding,LOC102724560,CBS,22641,1.0,0.9533454040170112,False,False,551,568,False
304,chr21,U2AF1,41484016,41498641,-,protein_coding,LOC102724594,41484016,41498641,-,protein_coding,LOC102724594,U2AF1,14625,1.0,1.0,False,False,240,240,False
305,chr21,SIK1,41769738,41782385,-,protein_coding,LOC102724428,41769738,41782385,-,protein_coding,LOC102724428,SIK1,12647,1.0,1.0,False,False,783,783,False
306,chr22,FAM246B,19404891,19405586,+,protein_coding,DGCR5,19345862,19406582,+,lncRNA,DGCR5,FAM246B,695,1.0,0.0114459815546772,False,False,231,0,False
307,chr22,FAM246B,19404891,19405586,+,protein_coding,FAM246C,19404891,19405586,+,protein_coding,FAM246C,FAM246B,695,1.0,1.0,False,False,231,231,False
308,chr22,TMEM191B,21110537,21113315,+,protein_coding,TMEM191A,21109823,21113312,+,transcribed_pseudogene,TMEM191A,TMEM191B,2775,0.9989200863930886,0.7953568357695615,False,False,349,0,False
309,chr22,RIMBP3,21796920,21803024,+,protein_coding,RIMBP3B,21797297,21803024,+,protein_coding,RIMBP3B,RIMBP3,5727,0.9382372214941024,1.0,False,False,1639,1639,True
310,chr22,RIMBP3,21796920,21803024,+,protein_coding,RN7SKP63,21802737,21802974,+,pseudogene,RN7SKP63,RIMBP3,237,0.038826998689384,1.0,False,False,1639,0,False
311,chr22,MIURF,39974860,39975072,+,protein_coding,MIEF1,39970729,39988762,+,protein_coding,MIEF1,MIURF,212,1.0,0.0117562246991626,False,True,70,478,True
312,chr22,TMA7B,40431389,40435898,+,protein_coding,GRAP2,40364808,40444710,+,protein_coding,GRAP2,TMA7B,4509,1.0,0.0564316287452128,False,True,64,330,True
313,chr22,TMA7B,40431389,40435898,+,protein_coding,LOC112268293,40431389,40435898,+,protein_coding,LOC112268293,TMA7B,4509,1.0,1.0,False,False,64,64,False
314,chr22,CIMIP4,37450704,37467442,-,protein_coding,TEX33,37450704,37467442,-,protein_coding,TEX33,CIMIP4,16738,1.0,1.0,True,False,280,280,False
315,chr22,CIMAP1B,51040987,51043059,-,protein_coding,ODF3B,51040987,51043059,-,protein_coding,ODF3B,CIMAP1B,2072,1.0,1.0,True,False,253,272,False
316,chrX,LOC127933115,23366961,23367050,+,protein_coding,SAT1,23366856,23369893,+,protein_coding,SAT1,LOC127933115,89,1.0,0.0293052354297003,False,True,29,206,True
317,chrX,GAGE12G,48762471,48769798,+,protein_coding,GAGE12B,48762487,48912657,+,protein_coding,GAGE12B,GAGE12G,7311,0.9978162958919068,0.0486848238662848,False,False,117,117,False
318,chrX,GAGE12D,48771996,48779324,+,protein_coding,GAGE12B,48762487,48912657,+,protein_coding,GAGE12B,GAGE12D,7328,1.0,0.0487980289005793,False,False,117,117,False
319,chrX,GAGE12E,48791047,48798358,+,protein_coding,GAGE12B,48762487,48912657,+,protein_coding,GAGE12B,GAGE12E,7311,1.0,0.0486848238662848,False,False,117,117,False
320,chrX,GAGE12H,48800557,48807869,+,protein_coding,GAGE12B,48762487,48912657,+,protein_coding,GAGE12B,GAGE12H,7312,1.0,0.0486914829859492,False,False,117,117,False
321,chrX,GAGE12C,48829085,48836395,+,protein_coding,GAGE12B,48762487,48912657,+,protein_coding,GAGE12B,GAGE12C,7310,1.0,0.0486781647466205,False,False,117,117,False
322,chrX,GAGE13,48848151,48855474,+,protein_coding,GAGE12B,48762487,48912657,+,protein_coding,GAGE12B,GAGE13,7323,1.0,0.0487647333022574,False,False,116,117,False
323,chrX,GPRASP3,101165692,101198489,+,protein_coding,ARMCX5-GPRASP2,101044303,101353019,+,protein_coding,ARMCX5-GPRASP2,GPRASP3,32797,1.0,0.1062368001658482,False,False,547,838,False
324,chrX,GPRASP3,101165692,101198489,+,protein_coding,BHLHB9,101165692,101198489,+,protein_coding,BHLHB9,GPRASP3,32797,1.0,1.0,True,False,547,547,False
325,chrX,TMSB15C,102403657,102407006,+,protein_coding,LOC122394733,102403657,102407006,+,protein_coding,LOC122394733,TMSB15C,3349,1.0,1.0,False,False,45,45,False
326,chrX,CRIPTO3,108968800,108970925,+,protein_coding,TDGF1P3,108968800,108970925,+,protein_coding,TDGF1P3,CRIPTO3,2125,1.0,1.0,True,False,188,188,False
327,chrX,CT47C1,117450728,117454500,+,protein_coding,LOC727838,117450728,117454503,+,protein_coding,LOC727838,CT47C1,3772,1.0,0.999205298013245,False,False,324,324,False
328,chrX,HAPSTR2,138403603,138404836,+,protein_coding,LOC389895,138403603,138404836,+,protein_coding,LOC389895,HAPSTR2,1233,1.0,1.0,False,False,273,273,False
329,chrX,VCF2,54436245,54454327,-,protein_coding,FAM104B,54436245,54454327,-,protein_coding,FAM104B,VCF2,18082,1.0,1.0,True,False,115,131,False
330,chrX,LOC128031833,62179759,62179938,-,protein_coding,ARHGEF9,62060231,62210488,-,protein_coding,ARHGEF9,LOC128031833,179,1.0,0.0011912922526071,False,True,59,529,True
331,chrX,GK3,100223302,100225198,-,protein_coding,GK4P,100223065,100225252,-,pseudogene,GK4P,GK3_2,1896,1.0,0.8669410150891632,False,False,553,0,False
332,chrX,GNG5B,108794364,108794883,-,protein_coding,AMMECR1,108642094,108888143,-,protein_coding,AMMECR1,GNG5B,519,1.0,0.0021093359452791,False,True,68,333,True
333,chrX,GNG5B,108794364,108794883,-,protein_coding,GNG5P2,108794364,108794883,-,protein_coding,GNG5P2,GNG5B,519,1.0,1.0,True,False,68,68,False
334,chrX,CT47A6,119253165,119256487,-,protein_coding,CT47A12,119253165,119275928,-,protein_coding,CT47A12,CT47A6,3322,1.0,0.1459385845450951,False,False,288,303,False
335,chrX,CT47A5,119258026,119261348,-,protein_coding,CT47A12,119253165,119275928,-,protein_coding,CT47A12,CT47A5,3322,1.0,0.1459385845450951,False,False,288,303,False
336,chrX,CT47A4,119262886,119266208,-,protein_coding,CT47A12,119253165,119275928,-,protein_coding,CT47A12,CT47A4,3322,1.0,0.1459385845450951,False,False,288,303,False
337,chrX,CT47A3,119267746,119271068,-,protein_coding,CT47A12,119253165,119275928,-,protein_coding,CT47A12,CT47A3,3322,1.0,0.1459385845450951,False,False,288,303,False
338,chrX,CT47A8,119272606,119275928,-,protein_coding,CT47A12,119253165,119275928,-,protein_coding,CT47A12,CT47A8,3322,1.0,0.1459385845450951,False,False,288,303,False
339,chrX,CT45A2,134120072,134128412,-,protein_coding,CT45A5,134118786,134128440,-,protein_coding,CT45A5,CT45A2,8340,1.0,0.8638906152889994,False,False,189,189,True
340,chrY,RBMY1B,22386600,22401038,+,protein_coding,RBMY1A1,22386600,22401038,+,protein_coding,RBMY1A1_1,RBMY1B,14438,1.0,1.0,False,False,0,496,True
